,22June2022,23June2022,GrowthTrade
ESSENTIA,0.0,80100.0,inf
PDPL,34.0,5113.0,14938.235294117647
IMPEXFERRO,15416.0,1121108.0,7172.366372599896
MOKSH,29879.0,1907349.0,6283.577094280264
LAKPRE,121.0,5055.0,4077.6859504132235
SORILINFRA,9535.0,390195.0,3992.2391190351336
KANSAINER,69389.0,2723989.0,3825.6784216518467
SALASAR,36935.0,1417890.0,3738.8791119534317
TREEHOUSE,17665.0,624317.0,3434.203226719502
GILLANDERS,109.0,3475.0,3088.0733944954127
AHLADA,6843.0,208553.0,2947.6837644308052
SHRIPISTON,2.0,59.0,2850.0
ZENITHSTL,54409.0,1425269.0,2519.546398573765
UNIVPHOTO,674.0,15776.0,2240.652818991098
MUNJALAU,47137.0,1095267.0,2223.5823238644803
GAYAPROJ,151513.0,3406678.0,2148.4394078395912
SOLARA,43914.0,886675.0,1919.1169103247255
NRBBEARING,59215.0,1168571.0,1873.4374736131049
VARROC,70723.0,1375870.0,1845.4350069991374
SOFTTECH,6.0,103.0,1616.6666666666667
FRETAIL,1306847.0,21675228.0,1558.5895671031117
MUNJALSHOW,18824.0,296001.0,1472.4660008499789
NAHARCAP,7137.0,104396.0,1362.7434496286955
AGROPHOS,15238.0,213795.0,1303.038456490353
AARVEEDEN,980.0,13655.0,1293.3673469387757
SOUTHWEST,1019.0,13921.0,1266.143277723258
MMTC,753272.0,9631301.0,1178.5953812168777
AKZOINDIA,4179.0,52141.0,1147.690835128021
AKG,6702.0,82362.0,1128.9167412712623
LANCER,17785.0,211442.0,1088.8782682035423
HIRECT,1987.0,23405.0,1077.9063915450427
KBCGLOBAL,1359654.0,15487021.0,1039.0413296323918
FSC,14933.0,169092.0,1032.3377753967723
SUDARSCHEM,30724.0,347812.0,1032.0531180835828
MACPOWER,1071.0,11928.0,1013.7254901960783
GATEWAY,83676.0,925775.0,1006.3805631244323
FLFL,23082.0,255240.0,1005.7967247205615
REPCOHOME,130319.0,1437258.0,1002.876786961226
KIOCL,58656.0,641358.0,993.4226677577742
JITFINFRA,10413.0,112789.0,983.1556707961201
UNITEDTEA,414.0,4374.0,956.5217391304348
SUNCLAYLTD,764.0,8019.0,949.6073298429319
CAPTRUST,2927.0,30677.0,948.0696959344039
AMBIKCO,16263.0,170059.0,945.680378773904
HIKAL,133475.0,1380811.0,934.5090840981458
TTKHLTCARE,2052.0,21146.0,930.5068226120858
PGIL,4947.0,48419.0,878.754800889428
FELDVR,4225.0,41186.0,874.8165680473372
RADAAN,6393.0,58714.0,818.4107617706866
LAXMIMACH,817.0,7500.0,817.9926560587515
THOMASCOOK,161672.0,1464454.0,805.8179523974467
TPLPLASTEH,2823.0,25405.0,799.929153382926
KANANIIND,43864.0,394410.0,799.165602772205
ICIL,270978.0,2367088.0,773.5351209323265
ICRA,1190.0,10345.0,769.327731092437
GAEL,236419.0,2045918.0,765.3779941544461
ORTEL,605.0,5201.0,759.6694214876032
JETFREIGHT,5623.0,47256.0,740.4054775031123
SMSPHARMA,11111.0,93223.0,739.0153901539015
SABEVENTS,479.0,3971.0,729.0187891440502
LAXMICOT,2942.0,24082.0,718.5588035350102
MELSTAR,1.0,8.0,700.0
KIMS,32106.0,255508.0,695.8263252974522
LOKESHMACH,10748.0,85266.0,693.3196873836993
UCALFUEL,10731.0,83847.0,681.3530891808778
SEPC,382619.0,2868894.0,649.8043745867299
INDTERRAIN,27077.0,198997.0,634.9300144033681
3MINDIA,3103.0,22800.0,634.77280051563
TRIL,57654.0,421334.0,630.797516217435
ELECTHERM,11184.0,81229.0,626.296494992847
NXTDIGITAL,4781.0,34683.0,625.4340096214181
TIINDIA,45741.0,329604.0,620.5876565881813
PKTEA,148.0,1055.0,612.8378378378378
GILLETTE,1602.0,11357.0,608.9263420724094
BASML,23469.0,163809.0,597.9803144573693
REPRO,353.0,2435.0,589.8016997167139
ROLEXRINGS,30889.0,210864.0,582.65078183172
STAR,826917.0,5626565.0,580.4268142993795
V2RETAIL,26339.0,175450.0,566.1224799726641
SHIVATEX,2235.0,14688.0,557.1812080536913
UMESLTD,108.0,700.0,548.1481481481482
HERCULES,3661.0,23339.0,537.503414367659
GLOBE,458955.0,2868230.0,524.947979649421
STCINDIA,28204.0,175611.0,522.6457240107786
VAKRANGEE,1936272.0,11949796.0,517.1548212234644
HIMATSEIDE,76923.0,471099.0,512.4293124293124
YAARI,134150.0,817751.0,509.5795751024972
SEYAIND,6766.0,40696.0,501.47797812592376
3PLAND,4390.0,26273.0,498.4738041002278
TCIFINANCE,50.0,298.0,496.0
ORIENTALTL,9965.0,58211.0,484.15454089312595
NDL,179042.0,1040974.0,481.4132996727025
GESHIP,109530.0,630046.0,475.2268784807815
DWARKESH,730630.0,4195979.0,474.2960185045782
OMAXAUTO,7164.0,39438.0,450.50251256281405
VHL,120.0,658.0,448.3333333333333
KIRLOSBROS,14911.0,81568.0,447.03239219368254
MAXIND,5232.0,28616.0,446.9418960244648
TEMBO,1827.0,9898.0,441.7624521072797
SHIVAMAUTO,47304.0,253870.0,436.6776593945544
MARSHALL,17456.0,93365.0,434.85907424381304
MEDICAMEQ,2170.0,11512.0,430.5069124423963
GRPLTD,480.0,2526.0,426.25
JKIL,238233.0,1250005.0,424.69850944243655
STERTOOLS,99841.0,521555.0,422.38559309301786
MAYURUNIQ,25368.0,126314.0,397.9265216020183
MINDACORP,499224.0,2402747.0,381.29637196929633
INDOTECH,2494.0,11877.0,376.22293504410584
NITINSPIN,61938.0,293897.0,374.50192127611484
ANMOL,1016.0,4786.0,371.06299212598424
ZODIACLOTH,2608.0,12159.0,366.21932515337426
MINDAIND,86161.0,401562.0,366.0600503708174
KALYANIFRG,48.0,220.0,358.33333333333337
SUVIDHAA,126046.0,566575.0,349.49859575075766
DHANI,4480819.0,20057294.0,347.62562379779234
JSWHL,378.0,1674.0,342.85714285714283
TCIDEVELOP,45.0,199.0,342.22222222222223
ASAHIINDIA,526757.0,2324799.0,341.3418331412777
CCHHL,32373.0,141335.0,336.5829549315788
BEARDSELL,16910.0,73265.0,333.264340626848
RKDL,1633.0,7057.0,332.14941824862217
KHANDSE,2311.0,9943.0,330.2466464733881
BIRLACORPN,39504.0,169810.0,329.8552045362495
BROOKS,3954.0,16956.0,328.83156297420334
MONTECARLO,32810.0,140454.0,328.08290155440415
VADILALIND,10976.0,46718.0,325.6377551020408
SDBL,47010.0,197453.0,320.0233992767496
TNTELE,4392.0,18446.0,319.9908925318761
ELGIEQUIP,148917.0,621221.0,317.1592229228362
VALIANTORG,21226.0,88376.0,316.3572976538208
DENORA,9289.0,38675.0,316.35267520723437
GFSTEELS,1650.0,6863.0,315.93939393939394
RTNINDIA,877393.0,3645811.0,315.5277053726209
EVEREADY,30152.0,124369.0,312.47346776333245
THEINVEST,3555.0,14540.0,309.0014064697609
JASH,5403.0,21790.0,303.29446603738666
SPARC,200002.0,805134.0,302.5629743702563
JTLINFRA,39217.0,157132.0,300.67317744855546
SHAKTIPUMP,58268.0,232934.0,299.76316331434066
POLICYBZR,214135.0,845020.0,294.62021621874055
SHIVAMILLS,5123.0,20003.0,290.45481163380833
SPMLINFRA,26866.0,103879.0,286.6559964267104
STARTECK,11101.0,42877.0,286.24448247905593
INFOMEDIA,2630.0,10073.0,283.00380228136885
EIHAHOTELS,3365.0,12745.0,278.7518573551263
ORIENTHOT,27584.0,102814.0,272.7305684454756
INDNIPPON,6556.0,24176.0,268.7614399023795
CORDSCABLE,10599.0,38822.0,266.27983772053966
SMSLIFE,4076.0,14740.0,261.6290480863592
ASTEC,9823.0,35480.0,261.1931181919984
SUTLEJTEX,29986.0,107906.0,259.85459881277933
MARALOVER,17860.0,63943.0,258.023516237402
SURYALAXMI,1934.0,6901.0,256.8252326783868
RICOAUTO,408671.0,1445202.0,253.6345862564263
SINTERCOM,865.0,3050.0,252.60115606936418
KILITCH,958.0,3376.0,252.40083507306886
EXCEL,58462.0,205082.0,250.79538845745955
JAYSREETEA,11950.0,41615.0,248.24267782426776
APTECHT,80690.0,280167.0,247.21402899987606
HINDCOMPOS,1073.0,3698.0,244.64119291705498
SADBHIN,71059.0,243462.0,242.6195133621357
EXPLEOSOL,2163.0,7406.0,242.39482200647248
NBVENTURES,1173976.0,4016123.0,242.09583500855211
SANGAMIND,4529.0,15404.0,240.11923161845883
MBLINFRA,18140.0,61471.0,238.86990077177506
ATUL,10880.0,36854.0,238.7316176470588
PRECAM,32586.0,110062.0,237.7585466151108
LATENTVIEW,323148.0,1090995.0,237.61465334769207
SABTN,2961.0,9850.0,232.65788584937522
UGARSUGAR,95620.0,314570.0,228.97929303492992
NAHARINDUS,31495.0,103237.0,227.78853786315287
KRITIKA,10747.0,34973.0,225.4210477342514
PNC,5516.0,17596.0,218.9992748368383
TIDEWATER,4031.0,12840.0,218.53138179111883
TIMESGTY,1818.0,5780.0,217.93179317931794
BANG,12105.0,38051.0,214.34118133002892
DALBHARAT,84639.0,265788.0,214.025449260979
RAMCOIND,10823.0,33975.0,213.91481105054052
RUCHIRA,24439.0,76422.0,212.70510250010227
OMKARCHEM,10918.0,34140.0,212.69463271661476
AGI,60431.0,188278.0,211.55863712333075
ASPINWALL,1169.0,3638.0,211.2061591103507
YESBANK,27841070.0,86625594.0,211.14319241322264
FILATEX,139018.0,431845.0,210.63962940050928
MAPMYINDIA,33416.0,103749.0,210.47701699784534
A2ZINFRA,115177.0,355909.0,209.0104795228214
JOCIL,5747.0,17751.0,208.87419523229508
BVCL,581.0,1779.0,206.1962134251291
OMINFRAL,25785.0,78911.0,206.03451619158423
VSTTILLERS,1895.0,5734.0,202.58575197889184
UFLEX,65492.0,197870.0,202.12850424479325
PEL,292672.0,881961.0,201.34792532254536
DISHTV,2154776.0,6486553.0,201.03142971705643
ANANDRATHI,10766.0,32405.0,200.99386958944825
HARIOMPIPE,83541.0,249897.0,199.13096563364095
KAYA,4154.0,12387.0,198.19451131439575
WINDLAS,10246.0,30451.0,197.19890689049384
MAGADSUGAR,12701.0,37437.0,194.75631840012596
SHANKARA,19473.0,57366.0,194.59251270990603
ELECTCAST,738000.0,2168959.0,193.8968834688347
TVTODAY,26982.0,79145.0,193.3251797494626
PREMEXPLN,972.0,2851.0,193.3127572016461
PODDARHOUS,2201.0,6452.0,193.139482053612
KOTHARIPRO,7923.0,23168.0,192.41448946106271
BBTC,13019.0,37864.0,190.8364697749443
EPL,116325.0,337067.0,189.7631635503976
KELLTONTEC,207259.0,594768.0,186.96847905277937
SWANENERGY,543912.0,1557411.0,186.33510567885983
BORORENEW,175198.0,499850.0,185.3057683306887
APTUS,158296.0,451458.0,185.19861525243846
DEVIT,24489.0,69632.0,184.33990771366734
ARVIND,458098.0,1298284.0,183.40748049543984
BANARBEADS,5718.0,16124.0,181.9867086393844
MAITHANALL,29479.0,83064.0,181.77346585705078
MMFL,12852.0,36117.0,181.02240896358543
HEMIPROP,392544.0,1099054.0,179.982371402951
ASTRAMICRO,78106.0,218452.0,179.68657977620157
ANDHRAPAP,6833.0,19083.0,179.27703790428802
HUHTAMAKI,15611.0,43462.0,178.4062520017936
SIL,135892.0,377413.0,177.73010920436818
HAVELLS,846567.0,2337913.0,176.1639657581739
DCAL,153363.0,423177.0,175.93161323135305
VIJIFIN,43578.0,119433.0,174.06718986644637
UNITEDPOLY,7466.0,20334.0,172.35467452451113
CAMLINFINE,96409.0,261533.0,171.27446607681856
SUNDARMFIN,14241.0,37931.0,166.3506776209536
KSCL,16032.0,42597.0,165.6998502994012
SIMPLEXINF,15475.0,41016.0,165.04684975767367
THEMISMED,500.0,1312.0,162.4
AXITA,12751.0,33344.0,161.50105874049095
THERMAX,37168.0,96838.0,160.54132587171762
KAJARIACER,112805.0,293646.0,160.3129293914277
INDOTHAI,9020.0,23470.0,160.19955654101997
LUMAXTECH,19899.0,51652.0,159.57083270516105
INFIBEAM,1356419.0,3494963.0,157.6610177238744
PSPPROJECT,78510.0,201863.0,157.11756464144696
INDUSTOWER,2475717.0,6328885.0,155.63846756313424
INGERRAND,4612.0,11787.0,155.5724197745013
OPTIEMUS,292282.0,746608.0,155.44097823335
KERNEX,10486.0,26768.0,155.27369826435248
SUMIT,6164.0,15672.0,154.25048669695002
GLAND,40098.0,101836.0,153.9677789415931
CENTEXT,60886.0,154589.0,153.8990901028151
PITTIENG,150377.0,381327.0,153.58066725629584
BBL,4795.0,12157.0,153.5349322210636
ALBERTDAVD,1389.0,3517.0,153.20374370050396
XELPMOC,10046.0,25360.0,152.43878160461875
KEERTI,2088.0,5262.0,152.01149425287358
VTL,569115.0,1430966.0,151.4370557795876
ANIKINDS,19472.0,48948.0,151.37633525061628
KINGFA,2073.0,5205.0,151.08538350217077
VARDHACRLC,18649.0,46499.0,149.33776610005899
CROMPTON,1092191.0,2715130.0,148.59479706388353
ADL,339.0,839.0,147.49262536873155
PHOENIXLTD,58722.0,145173.0,147.22080310616124
NAGAFERT,71726.0,176916.0,146.6553272174665
IVC,61782.0,152235.0,146.40672040400116
SMLT,9163.0,22543.0,146.02204518170905
JKCEMENT,168273.0,413694.0,145.84692731454243
MOTILALOFS,51303.0,125619.0,144.85702590491783
NILASPACES,101213.0,247643.0,144.67509114441822
DEEPAKFERT,148687.0,363134.0,144.22713485375317
CENTURYTEX,101238.0,246903.0,143.8837195519469
PAGEIND,13378.0,32477.0,142.76423979668112
SHILPAMED,23232.0,56307.0,142.36828512396693
TGBHOTELS,7736.0,18671.0,141.35211995863494
NOVARTIND,3022.0,7271.0,140.60225016545334
AVADHSUGAR,42471.0,101980.0,140.11678557133104
NEOGEN,7413.0,17699.0,138.75623903952516
BAGFILMS,93238.0,222390.0,138.51862974323774
GOENKA,148274.0,353531.0,138.4308779691652
JCHAC,2217.0,5278.0,138.06946323861072
PGEL,6905.0,16338.0,136.61115133960897
ASTRAZEN,2715.0,6404.0,135.87476979742172
CUB,1798846.0,4233796.0,135.36178194242308
ICDSLTD,639.0,1502.0,135.0547730829421
MATRIMONY,53410.0,125058.0,134.147163452537
VRLLOG,187908.0,439928.0,134.1188241054133
BANSWRAS,7942.0,18592.0,134.09720473432384
SADBHAV,968370.0,2265950.0,133.99630306597686
PONNIERODE,7205.0,16709.0,131.9083969465649
CIGNITITEC,48731.0,112841.0,131.55896657158686
RELIGARE,435530.0,1006991.0,131.2104791862788
IL&FSENGG,11967.0,27663.0,131.1606919027325
UNIVASTU,4962.0,11439.0,130.53204353083433
SANOFI,3088.0,7105.0,130.0841968911917
WHIRLPOOL,50886.0,117011.0,129.94733325472626
KAVVERITEL,15180.0,34718.0,128.70882740447956
PODDARMENT,1211.0,2758.0,127.7456647398844
BBOX,23588.0,53661.0,127.49279294556555
CHEVIOT,1548.0,3511.0,126.80878552971578
THOMASCOTT,138.0,312.0,126.08695652173914
CYBERMEDIA,3108.0,6997.0,125.12870012870012
UNIDT,26264.0,59053.0,124.84389278099299
MEGASOFT,28199.0,63324.0,124.56115465087414
CONCOR,470651.0,1045636.0,122.16801834055381
TALBROAUTO,13628.0,30200.0,121.60258291752275
CARBORUNIV,33067.0,73221.0,121.43224362657634
JMA,3708.0,8191.0,120.90075512405609
PAR,10727.0,23627.0,120.25729467698332
BAYERCROP,3230.0,7106.0,120.0
UTTAMSTL,80206.0,176316.0,119.82894047826846
MSPL,161359.0,354635.0,119.7801176259149
SUNTECK,323715.0,709476.0,119.16685973773227
ARIES,6826.0,14937.0,118.82508057427484
NAZARA,963796.0,2104591.0,118.36477843859075
KIRIINDUS,54917.0,119715.0,117.99260702514704
DHAMPURSUG,208450.0,454155.0,117.87239146078197
GANECOS,16945.0,36890.0,117.70433756270286
ESCORTS,237066.0,514950.0,117.21798992685581
DHRUV,3271.0,7099.0,117.02843167227148
VIKASWSP,73617.0,159635.0,116.84529388592308
DHARAMSI,4558.0,9878.0,116.7178587099605
APEX,12633.0,27334.0,116.36982506134726
HLVLTD,81863.0,176868.0,116.05365061138733
PFOCUS,4991.0,10753.0,115.4478060508916
ARSHIYA,146333.0,313488.0,114.22918958813118
PAYTM,1446201.0,3062627.0,111.77049386634361
HAVISHA,13943.0,29369.0,110.63616151473859
CASTROLIND,236025.0,496968.0,110.55735621226566
GRSE,146836.0,309147.0,110.53896864529133
EQUITASBNK,465529.0,978617.0,110.21611972616098
DOLATALGO,57230.0,119258.0,108.38371483487681
CENTUM,2560.0,5330.0,108.203125
KCP,68630.0,142685.0,107.90470639661956
DPWIRES,2142.0,4450.0,107.74976657329599
ROML,3149.0,6541.0,107.71673547157827
ROSSELLIND,24444.0,50725.0,107.51513663884798
GUFICBIO,34048.0,70650.0,107.50117481203007
ROUTE,1561677.0,3222353.0,106.3392750229401
DEN,164332.0,338093.0,105.7377747486795
APARINDS,204425.0,420184.0,105.54433166197872
GOKEX,252426.0,517988.0,105.20390134138322
IVP,22494.0,46029.0,104.62790077353961
JUBLINDS,6190.0,12652.0,104.39418416801291
ESSARSHPNG,105360.0,215280.0,104.32801822323464
KHADIM,7822.0,15982.0,104.3211454870877
BHARATGEAR,22403.0,45723.0,104.0932018033299
LUPIN,556155.0,1133553.0,103.81961863149662
EMMBI,9297.0,18925.0,103.56028826503174
RAILTEL,201509.0,409466.0,103.1998570783439
SOMICONVEY,2661.0,5399.0,102.89364900413378
TATAINVEST,13035.0,26422.0,102.70042194092828
VOLTAMP,77342.0,156623.0,102.50704662408523
STARPAPER,29765.0,60274.0,102.49958004367545
RVHL,6441.0,13005.0,101.90964136003726
HINDZINC,395882.0,798772.0,101.77022446082418
LCCINFOTEC,178279.0,359451.0,101.62273739475765
KCPSUGIND,152603.0,306837.0,101.06878632792278
JPOLYINVST,2333.0,4686.0,100.85726532361765
TDPOWERSYS,19474.0,39090.0,100.72917736469138
NAUKRI,398848.0,800551.0,100.71581153722721
FOCUS,3261.0,6539.0,100.5213124808341
PIXTRANS,3169.0,6349.0,100.34711265383403
ATULAUTO,29306.0,58669.0,100.19449941991401
MITCON,1946.0,3891.0,99.94861253854059
PDSL,1723.0,3435.0,99.36157864190366
DTIL,2151.0,4288.0,99.34913993491399
AIRAN,152797.0,304417.0,99.22969691813321
BCP,117304.0,233107.0,98.7204187410489
HIL,5659.0,11241.0,98.63933557165578
LASA,120806.0,239928.0,98.60602950184594
TTML,3504810.0,6953549.0,98.40017005201423
PASUPTAC,26596.0,52627.0,97.87562039404422
RKFORGE,124837.0,246589.0,97.52877752589376
IONEXCHANG,4882.0,9636.0,97.37812371978697
SASKEN,4215.0,8319.0,97.36654804270462
GTLINFRA,32048659.0,63126108.0,96.96957679258904
CREST,6630.0,13004.0,96.13876319758673
CINEVISTA,2764.0,5407.0,95.62228654124458
VSSL,14203.0,27764.0,95.47982820530873
CREATIVE,5815.0,11342.0,95.04729148753225
RBL,4323.0,8426.0,94.91094147582697
CHOICEIN,43971.0,85637.0,94.7579086215915
MGL,330754.0,643391.0,94.52251522279398
VISHNU,9437.0,18350.0,94.44738794108297
NTPC,11257409.0,21879039.0,94.35235052755034
RBA,536433.0,1038635.0,93.61877438561758
VISHAL,65164.0,126033.0,93.40893745012583
ENGINERSIN,342825.0,662687.0,93.30183037993145
INDIAMART,104562.0,201988.0,93.17534094604159
SEJALLTD,474.0,914.0,92.82700421940928
FIBERWEB,87939.0,169358.0,92.58576968125632
RADICO,88879.0,171056.0,92.45941110948593
GSPL,391907.0,753923.0,92.37293541580017
VOLTAS,445504.0,856644.0,92.28648901019967
VASCONEQ,130903.0,251581.0,92.18887267671482
JKLAKSHMI,174737.0,335647.0,92.08696498165814
MPSLTD,3865.0,7418.0,91.92755498059509
SUMICHEM,151421.0,289759.0,91.35985101141848
FLUOROCHEM,37529.0,71572.0,90.71118335154148
FLEXITUFF,11248.0,21335.0,89.67816500711237
KICL,160.0,303.0,89.375
MAHSCOOTER,1651.0,3121.0,89.03694730466384
JINDWORLD,3682.0,6945.0,88.62031504617056
CCCL,42664.0,80085.0,87.71095068441778
PETRONET,922627.0,1730601.0,87.57320130453586
DOLLAR,40764.0,76122.0,86.7382984986753
KRSNAA,14842.0,27710.0,86.69990567308989
LINC,1124.0,2098.0,86.65480427046263
IGL,1169635.0,2178325.0,86.23972435845371
FIEMIND,246788.0,459091.0,86.02646806165616
IIFL,333379.0,619111.0,85.70785802345078
CTE,16121.0,29863.0,85.242850939768
KAMATHOTEL,31960.0,59168.0,85.1314142678348
HITECH,24247.0,44807.0,84.79399513341856
SKFINDIA,10269.0,18942.0,84.45807770961146
SBICARD,1034157.0,1898423.0,83.5720301656325
REMSONSIND,1992.0,3656.0,83.53413654618474
CDSL,293388.0,538109.0,83.41206865993156
HGINFRA,46593.0,85374.0,83.23353293413174
MTEDUCARE,142974.0,261911.0,83.18785233678851
CYBERTECH,23815.0,43619.0,83.15767373504094
ZFCVINDIA,1504.0,2750.0,82.84574468085107
JBMA,47934.0,87593.0,82.7366796011182
WOCKPHARMA,272999.0,497927.0,82.3915105916139
LGBBROSLTD,25052.0,45571.0,81.9056362765448
LINDEINDIA,20713.0,37495.0,81.02158064983344
FCL,166569.0,301240.0,80.84997808715909
KREBSBIO,13023.0,23519.0,80.59586884742379
VISASTEEL,63493.0,114457.0,80.26711606003812
CHEMBOND,3055.0,5500.0,80.03273322422258
FDC,31011.0,55457.0,78.83009254780562
UBL,131935.0,235310.0,78.35297684465836
JHS,32534.0,58015.0,78.32114096022622
BHARATRAS,1166.0,2079.0,78.30188679245283
OCCL,1240.0,2197.0,77.1774193548387
SEAMECLTD,2335.0,4129.0,76.83083511777302
AVROIND,20405.0,35907.0,75.9715755942171
MOIL,59567.0,104782.0,75.9061225175013
BHANDARI,208268.0,365478.0,75.48447193039736
MAZDA,1101.0,1928.0,75.11353315168029
SHRIRAMPPS,114726.0,200813.0,75.03704478496593
SURANAT&P,34815.0,60790.0,74.60864569869308
TIL,2701.0,4706.0,74.23176601258793
CENTURYPLY,57332.0,99847.0,74.15579432079817
DREDGECORP,60424.0,105073.0,73.89282404342646
BAJAJHIND,3009208.0,5232449.0,73.88126709752201
NIBL,16965.0,29453.0,73.61037430002946
MINDTREE,418581.0,725333.0,73.28378497829571
CLNINDIA,6287.0,10878.0,73.02369969778908
GINNIFILA,54786.0,94637.0,72.73938597451904
TATAMETALI,19090.0,32973.0,72.72393923520167
BAJAJHCARE,9115.0,15695.0,72.18869994514536
TARMAT,3477.0,5958.0,71.35461604831751
IMAGICAA,554972.0,948797.0,70.96303957677144
DELTAMAGNT,1713.0,2928.0,70.92819614711033
SECURKLOUD,20141.0,34416.0,70.8753289310362
MSTCLTD,144513.0,246910.0,70.85660113622995
SPECIALITY,28775.0,49119.0,70.7002606429192
MAZDOCK,118921.0,202863.0,70.58635564786707
IFGLEXPOR,4904.0,8360.0,70.47308319738988
RPSGVENT,13072.0,22271.0,70.3717870257038
EDUCOMP,19266.0,32820.0,70.35191529118656
SILVERTUC,277.0,471.0,70.03610108303249
MEP,346933.0,589627.0,69.95414100128843
ROLLT,1521701.0,2580718.0,69.59428954834097
MANAKALUCO,10674.0,18070.0,69.2898632190369
GOLDTECH,11135.0,18759.0,68.46879209699146
RENUKA,13547677.0,22814521.0,68.4017193501144
MRF,7455.0,12532.0,68.10194500335346
NLCINDIA,1619455.0,2721152.0,68.02887391128498
MCDOWELL-N,426649.0,716566.0,67.95211051707611
WALCHANNAG,35966.0,60400.0,67.93638436300951
GOKUL,68593.0,114795.0,67.35672736285044
GTPL,10048.0,16796.0,67.15764331210191
TRIVENI,506283.0,846186.0,67.13695699835863
SALZERELEC,11042.0,18444.0,67.03495743524724
GODREJAGRO,43957.0,73389.0,66.95634369952454
HAPPSTMNDS,235252.0,391195.0,66.2876404876473
WELCORP,969514.0,1611602.0,66.22782136204324
GRWRHITECH,3964.0,6589.0,66.2209889001009
GANDHITUBE,988.0,1640.0,65.9919028340081
ONMOBILE,417291.0,691811.0,65.78622591908284
EKC,154989.0,256836.0,65.71240539651201
TARSONS,20908.0,34636.0,65.65907786493209
KMSUGAR,154454.0,255751.0,65.5839279008637
HINDWAREAP,24435.0,40393.0,65.30795989359525
NILAINFRA,155514.0,257045.0,65.28736962588577
SHARDAMOTR,4437.0,7331.0,65.22425061978815
DLINKINDIA,43433.0,71741.0,65.17624847466212
SUPREMEINF,7642.0,12619.0,65.12693012300444
PSB,196355.0,323542.0,64.7740062641644
NEULANDLAB,5216.0,8566.0,64.22546012269939
COLPAL,115612.0,189653.0,64.04265993149501
TTL,8758.0,14353.0,63.884448504224714
EIHOTEL,149141.0,244282.0,63.79265259050161
SURANASOL,26746.0,43754.0,63.590817318477534
KOHINOOR,28284.0,46267.0,63.58011596662424
PFC,1977318.0,3234342.0,63.57217200268243
VIMTALABS,14402.0,23552.0,63.532842660741565
INEOSSTYRO,35003.0,57188.0,63.38028169014085
ITDCEM,147665.0,240972.0,63.1882978363187
ANURAS,58901.0,95908.0,62.8291540041765
GEOJITFSL,185934.0,302545.0,62.71634020674003
TVSMOTOR,2403326.0,3909837.0,62.68442150586312
PGHH,2498.0,4049.0,62.08967173738991
CARTRADE,50821.0,82268.0,61.87796383384821
UTIAMC,28424.0,45911.0,61.52195327891923
BHAGYANGR,9236.0,14917.0,61.50931139021222
WHEELS,7017.0,11327.0,61.42226022516745
NACLIND,21931.0,35375.0,61.30135424741234
PARSVNATH,101526.0,163730.0,61.26903453302602
SPCENET,1150.0,1850.0,60.86956521739131
BEML,87086.0,139955.0,60.70895436694761
IRIS,3498.0,5618.0,60.60606060606061
TNPL,133290.0,214022.0,60.568684822567334
UNIVCABLES,3801.0,6048.0,59.11602209944752
SPLPETRO,29774.0,47369.0,59.09518371733727
SONATSOFTW,66265.0,105363.0,59.00249000226364
JUBLPHARMA,39362.0,62561.0,58.93755398607794
MCX,132410.0,210289.0,58.81655464088815
ACC,149241.0,236889.0,58.72916959816672
MICEL,24073.0,38189.0,58.63830847837826
APOLLOHOSP,646244.0,1024811.0,58.579576754290954
NELCAST,18837.0,29795.0,58.172745129266865
TAJGVK,25515.0,40318.0,58.01685283166764
ASHAPURMIN,28485.0,44948.0,57.795330875899595
LYPSAGEMS,9679.0,15270.0,57.76423184213245
MODIRUBBER,1033.0,1628.0,57.599225556631175
CHEMFAB,2648.0,4172.0,57.55287009063444
SANGINITA,6731.0,10602.0,57.51002822760363
BOROLTD,48828.0,76824.0,57.33595478004424
IFBIND,7663.0,12046.0,57.19692026621428
FINCABLES,39340.0,61788.0,57.06151499745806
INDIANB,854972.0,1342399.0,57.0108728706905
CHALET,125829.0,197020.0,56.57757750598034
DPSCLTD,22840.0,35744.0,56.497373029772326
ALKALI,3651.0,5703.0,56.203779786359895
IIFLSEC,112454.0,175316.0,55.90019030003379
SALONA,1854.0,2887.0,55.71736785329018
INDSWFTLTD,25896.0,40203.0,55.247914735866544
RSWM,87988.0,136329.0,54.94044642451244
PFIZER,2495.0,3859.0,54.66933867735471
VINATIORGA,32232.0,49802.0,54.51104492429884
JAIBALAJI,9322.0,14386.0,54.32310662947866
DHUNINV,810.0,1249.0,54.19753086419753
VCL,43283.0,66660.0,54.009657371254306
INOXWIND,103531.0,158864.0,53.445827819686855
ROHLTD,23879.0,36617.0,53.3439423761464
DHARSUGAR,13829.0,21203.0,53.322727601417306
21STCENMGM,280.0,429.0,53.214285714285715
PURVA,27733.0,42459.0,53.099195903796925
PEARLPOLY,43498.0,66561.0,53.02082854384109
CLEAN,62423.0,95453.0,52.91318904890826
OFSS,47978.0,73362.0,52.90758264204427
BIOCON,3009496.0,4598920.0,52.81362726516333
WELSPUNIND,1363834.0,2082113.0,52.66616025117427
HONAUT,1691.0,2576.0,52.33589591957421
POLYCAB,308775.0,470361.0,52.33130920573233
MITTAL,34569.0,52488.0,51.835459515751104
HINDMOTORS,1844429.0,2799269.0,51.76886722123758
KIRLFER,129929.0,197172.0,51.75365007042308
POWERINDIA,25724.0,39022.0,51.69491525423729
CGPOWER,1207502.0,1826113.0,51.2306397836194
IOLCP,218588.0,330458.0,51.178472743243
JKPAPER,892303.0,1347053.0,50.96363006736501
ALLCARGO,356488.0,536636.0,50.53409932452144
SHALPAINTS,76001.0,114404.0,50.52959829475928
VENUSPIPES,15793.0,23763.0,50.46539606154625
NELCO,24835.0,37337.0,50.34024562109926
KOTARISUG,139502.0,209713.0,50.32974437642471
IRISDOREME,15686.0,23552.0,50.146627565982406
CONFIPET,464337.0,694796.0,49.631840667446276
EMAMILTD,874011.0,1306011.0,49.42729553747035
HPL,29693.0,44360.0,49.39548041625972
SREEL,23996.0,35827.0,49.30405067511252
LTTS,274147.0,409205.0,49.26481048488584
RMCL,14397.0,21479.0,49.19080363964714
JUBLINGREA,414578.0,618341.0,49.14949659653913
NUCLEUS,5154.0,7677.0,48.952270081490106
INDLMETER,3415.0,5081.0,48.78477306002929
ALKYLAMINE,10412.0,15478.0,48.65539761813292
RUSHIL,23869.0,35467.0,48.590221626377314
DABUR,1065402.0,1581131.0,48.40698628311191
CALSOFT,50023.0,74234.0,48.399736121384166
SATIN,193920.0,287753.0,48.38747937293729
RHIM,77204.0,114272.0,48.013056318325475
NGIL,3780.0,5591.0,47.91005291005291
ACCELYA,2462.0,3640.0,47.84727863525589
METALFORGE,15914.0,23526.0,47.832097524192534
LINCOLN,9723.0,14369.0,47.783605882957936
KIRLOSENG,49633.0,73266.0,47.61549775351077
GODREJCP,900315.0,1328035.0,47.50781670859644
AARTISURF,5612.0,8249.0,46.988595866001425
MAHABANK,987644.0,1451398.0,46.95558318584429
DCMSHRIRAM,58379.0,85602.0,46.63149420168211
ALICON,5248.0,7669.0,46.13185975609756
KTKBANK,573248.0,837490.0,46.095581667969185
ZUARIGLOB,27507.0,40157.0,45.988293888828295
IBREALEST,5681278.0,8286393.0,45.85438346794506
SHREECEM,20770.0,30264.0,45.71015888300433
SAKUMA,287330.0,415695.0,44.67511224028121
BAJAJFINSV,253553.0,366291.0,44.463287754433985
AARVI,5711.0,8250.0,44.45806338644721
APOLSINHOT,2348.0,3390.0,44.37819420783646
BANCOINDIA,80937.0,116832.0,44.34930872159828
PTC,295728.0,426687.0,44.28359844181139
SANGHVIMOV,34992.0,50456.0,44.19295839048926
RUCHI,508593.0,732965.0,44.11621866600602
HITECHCORP,2977.0,4290.0,44.10480349344978
MTNL,1071829.0,1542266.0,43.89104978499369
CENTRALBK,1193828.0,1717411.0,43.857490358745146
YUKEN,10726.0,15415.0,43.71620361737833
PANAMAPET,35469.0,50959.0,43.67193887620176
SCHAEFFLER,53378.0,76684.0,43.66218292180299
WENDT,572.0,821.0,43.53146853146853
AAKASH,173858.0,249249.0,43.36354956343683
AROGRANITE,20299.0,29065.0,43.18439331986797
RUBYMILLS,2519.0,3603.0,43.03294958316792
ADSL,114854.0,164140.0,42.91187072283073
RANASUG,526765.0,752512.0,42.85535295625184
RAMANEWS,15569.0,22224.0,42.74519879247222
GENUSPOWER,324554.0,462991.0,42.65453514669362
UCOBANK,1472100.0,2096684.0,42.42809591739692
GET&D,20642.0,29362.0,42.243968607693056
MPHASIS,569468.0,808684.0,42.00692576229042
PATINTLOG,67774.0,96217.0,41.96742113494851
UTTAMSUGAR,177090.0,251203.0,41.850471511660736
TATACONSUM,714841.0,1013159.0,41.73207748296474
LUXIND,17906.0,25326.0,41.43862392494136
LAURUSLABS,953198.0,1348063.0,41.42528624692876
TORNTPHARM,51516.0,72728.0,41.17555710847115
PRIMESECU,30430.0,42953.0,41.15346697338153
LOTUSEYE,30767.0,43397.0,41.050476159521565
NIPPOBATRY,1167.0,1644.0,40.87403598971722
RALLIS,110485.0,155326.0,40.585599855183965
SUPRIYA,79044.0,110940.0,40.35220889631091
INSPIRISYS,2317.0,3250.0,40.26758739749676
PREMIER,6444.0,9032.0,40.161390440720055
AEGISCHEM,252895.0,353243.0,39.679708970125944
TECHM,2915172.0,4056588.0,39.154327772083434
TRIGYN,57613.0,80161.0,39.13700032978668
SUPERSPIN,13281.0,18478.0,39.13108952639108
SMARTLINK,5105.0,7092.0,38.92262487757101
SOMANYCERA,10618.0,14749.0,38.905631945752496
TEXRAIL,466127.0,646884.0,38.77848740793818
IDFC,4931160.0,6839471.0,38.6990282205404
NCLIND,44605.0,61854.0,38.67055262862908
BANKBARODA,27634072.0,38285373.0,38.54408789265657
MAANALU,6601.0,9132.0,38.342675352219366
APOLLO,21828.0,30186.0,38.29026937877955
WEIZMANIND,3851.0,5308.0,37.83432874578032
PPL,32656.0,45005.0,37.81540911317982
AUTOAXLES,22173.0,30554.0,37.79822306408695
BECTORFOOD,60584.0,83426.0,37.703023900699854
DATAPATTNS,134868.0,185715.0,37.70130794554676
LALPATHLAB,185290.0,254578.0,37.394354795185926
ASIANPAINT,1612872.0,2215583.0,37.36880546007371
ISFT,8481.0,11633.0,37.16542860511732
CRAFTSMAN,11532.0,15744.0,36.524453694068676
TEJASNET,137940.0,188191.0,36.42960707554009
RITES,45266.0,61642.0,36.177263288119114
PRESTIGE,439913.0,598774.0,36.11191303735057
POONAWALLA,2321380.0,3156961.0,35.99501158793476
SESHAPAPER,31572.0,42875.0,35.80070948942101
SUMMITSEC,6663.0,9038.0,35.64460453249287
SSWL,23624.0,32012.0,35.506264815441924
ZUARI,63098.0,85465.0,35.44803321816856
SKMEGGPROD,15648.0,21176.0,35.327198364008176
TIIL,10062.0,13586.0,35.02285827867223
TCPLPACK,6307.0,8501.0,34.7867448866339
INDIAGLYCO,65274.0,87898.0,34.66004841131232
ADVENZYMES,31671.0,42626.0,34.59000347320893
IMPAL,350.0,471.0,34.57142857142857
LTI,274113.0,368631.0,34.48140000656664
APCL,4097.0,5509.0,34.46424212838662
L&TFH,6686643.0,8970212.0,34.15120262888268
RAJSREESUG,18166.0,24341.0,33.992073103600134
RKEC,22090.0,29581.0,33.91127206880942
GOODYEAR,11084.0,14838.0,33.86863948033201
JETAIRWAYS,37672.0,50412.0,33.81822042896581
BAJAJELEC,51555.0,68981.0,33.80079526719038
IOB,1386765.0,1855009.0,33.76520174651076
ORTINLAB,29719.0,39747.0,33.74272351021232
LXCHEM,416090.0,556280.0,33.692230046384196
BANKA,3970.0,5301.0,33.5264483627204
JKTYRE,712198.0,945369.0,32.739631394640256
MANAKSTEEL,22760.0,30107.0,32.28031634446397
INDSWFTLAB,15080.0,19942.0,32.241379310344826
ANDREWYU,80619.0,106477.0,32.07432491100113
HARDWYN,2452.0,3236.0,31.97389885807504
OILCOUNTUB,3038.0,4008.0,31.92890059249506
SMLISUZU,14479.0,19100.0,31.91518751294979
AHLUCONT,9654.0,12731.0,31.872798839859122
GRAPHITE,227821.0,300352.0,31.836836814867812
DAMODARIND,11754.0,15465.0,31.572230729964268
REDINGTON,1358735.0,1786726.0,31.499225382432925
UFO,47627.0,62466.0,31.156696831629116
SHREERAMA,9159.0,12012.0,31.149688830658366
CONTROLPR,7360.0,9616.0,30.65217391304348
SRHHYPOLTD,5139.0,6711.0,30.589608873321655
BATAINDIA,254536.0,332342.0,30.567778231762894
ADVANIHOTR,8809.0,11486.0,30.389374503348847
JINDALPHOT,7641.0,9951.0,30.23164507263447
KAMDHENU,17810.0,23182.0,30.16282987085907
DELHIVERY,628786.0,818374.0,30.151434669346965
AWHCL,25813.0,33514.0,29.833804672064463
MIDHANI,45895.0,59523.0,29.693866434252097
CSBBANK,72869.0,94493.0,29.675170511465783
BHARTIARTL,4336533.0,5621332.0,29.62733132666118
ASIANHOTNR,6372.0,8242.0,29.347143753923415
SILGO,18494.0,23877.0,29.106737320211963
SANDHAR,6279.0,8106.0,29.09698996655518
PIONEEREMB,11712.0,15119.0,29.089822404371585
ADFFOODS,3184.0,4107.0,28.988693467336685
KESORAMIND,115096.0,148162.0,28.729060957809132
GLAXO,18600.0,23915.0,28.575268817204304
COSMOFILMS,48640.0,62511.0,28.51768092105263
MOL,748276.0,960662.0,28.38337725652032
HSCL,2842744.0,3639709.0,28.035060490849684
ADROITINFO,64291.0,82283.0,27.985254545737348
SUBEXLTD,4096720.0,5242961.0,27.979481145892322
SHREEPUSHK,35118.0,44893.0,27.834728629193005
DMART,355857.0,454591.0,27.74541459069233
3IINFOLTD,211938.0,270615.0,27.685927016391588
JAMNAAUTO,1121432.0,1429182.0,27.44259125831972
AWL,852711.0,1085340.0,27.281106963555064
ZEEMEDIA,959884.0,1220867.0,27.189014505919467
RUPA,128635.0,163211.0,26.879154195980874
INCREDIBLE,9983.0,12659.0,26.805569468095765
JPINFRATEC,408277.0,517556.0,26.765896682889313
ALKEM,78540.0,99561.0,26.764705882352942
GLOBUSSPR,47258.0,59864.0,26.674848702865123
MOLDTKPAC,16106.0,20351.0,26.35663727803303
SRTRANSFIN,790862.0,999204.0,26.343660461622886
MANORG,5999.0,7567.0,26.137689614935823
HEXATRADEX,17968.0,22645.0,26.02960819234194
VISHWARAJ,345234.0,434778.0,25.93719042736231
INOXLEISUR,249685.0,314236.0,25.85297474818271
PARACABLES,73606.0,92533.0,25.713936363883377
GNA,20683.0,25947.0,25.4508533578301
KAUSHALYA,11606.0,14547.0,25.34034120282612
FEDERALBNK,7559023.0,9452966.0,25.05539406349207
SREINFRA,97025.0,121205.0,24.921412007214634
SILLYMONKS,12505.0,15616.0,24.878048780487806
NOCIL,687557.0,857322.0,24.691043797096096
MAHSEAMLES,134143.0,167212.0,24.652050423801466
ANKITMETAL,63179.0,78720.0,24.598363380237103
AJMERA,27531.0,34275.0,24.49602266535905
EXIDEIND,1601047.0,1990508.0,24.325394569928303
KARMAENG,2158.0,2682.0,24.28174235403151
WEALTH,125.0,155.0,24.0
PENIND,224734.0,278625.0,23.97990513228973
ALMONDZ,12144.0,15047.0,23.904808959156785
PIONDIST,456.0,565.0,23.903508771929825
PNCINFRA,59042.0,73129.0,23.859286609532198
GLOBALVECT,2404.0,2975.0,23.752079866888522
SAGCEM,52508.0,64948.0,23.691627942408775
LOVABLE,13930.0,17223.0,23.639626704953336
GODHA,1439093.0,1779125.0,23.628215827608084
SPAL,14237.0,17580.0,23.481070450235304
SAFARI,3374.0,4166.0,23.473621813870775
BALAMINES,21634.0,26712.0,23.472312101321993
KENNAMET,1594.0,1968.0,23.462986198243414
DYNPRO,15617.0,19275.0,23.42319267464942
SKIPPER,29121.0,35925.0,23.36458226022458
HERITGFOOD,31405.0,38731.0,23.327495621716288
MINDTECK,34625.0,42685.0,23.27797833935018
SANWARIA,557899.0,687313.0,23.196671799017384
PRIVISCL,7261.0,8943.0,23.164853325988155
SJS,94143.0,115693.0,22.890708815312873
DIXON,309614.0,380403.0,22.863630197600884
INDOSTAR,6120.0,7511.0,22.72875816993464
BIRLACABLE,36305.0,44525.0,22.641509433962266
VERTOZ,6293.0,7714.0,22.58064516129032
REFEX,12388.0,15174.0,22.489505973522764
GREAVESCOT,1878235.0,2300068.0,22.4590107201708
CHEMCON,60017.0,73439.0,22.36366362863855
HOVS,1352.0,1652.0,22.189349112426036
APCOTEXIND,106121.0,129657.0,22.178456667389113
GHCL,321140.0,392215.0,22.132091922526
NCC,1650538.0,2014414.0,22.045902608725154
HUDCO,527472.0,642623.0,21.830732247398917
DCMSRIND,77016.0,93814.0,21.81105224888335
HINDUNILVR,1585753.0,1930048.0,21.711767217214785
PRICOLLTD,427850.0,520676.0,21.695921467804137
5PAISA,8134.0,9898.0,21.686746987951807
KRISHANA,12136.0,14691.0,21.053065260382333
INDUSINDBK,3888446.0,4706175.0,21.02971212664391
DCM,43337.0,52316.0,20.719016083254495
BHAGERIA,8634.0,10404.0,20.50034746351633
TFCILTD,36692.0,44200.0,20.462226098332064
XPROINDIA,6684.0,8024.0,20.047875523638538
SBC,339199.0,406046.0,19.70731045787281
POLYMED,61785.0,73754.0,19.372015861455047
MAHINDCIE,574784.0,685942.0,19.33909085847901
PUNJLLOYD,231258.0,275964.0,19.33165555353761
AMBER,44854.0,53500.0,19.27587283185446
SEPOWER,33503.0,39936.0,19.20126555830821
APLLTD,48780.0,58046.0,18.99548995489955
ABAN,74859.0,89065.0,18.97701011234454
INTELLECT,430740.0,512056.0,18.878209592793795
ACCURACY,36150.0,42921.0,18.730290456431536
AXISCADES,44767.0,53099.0,18.611923961846895
COFORGE,314327.0,372701.0,18.571105886544903
MAXVIL,18484.0,21915.0,18.56199956719325
MAHEPC,13079.0,15503.0,18.53352702806025
BAJFINANCE,1101857.0,1304933.0,18.430340779248127
PRAKASHSTL,352190.0,416043.0,18.130270592577872
ELDEHSG,383.0,451.0,17.75456919060052
SHIVALIK,557.0,655.0,17.594254937163374
VLSFINANCE,8994.0,10575.0,17.578385590393598
TVSELECT,25012.0,29396.0,17.52758675835599
ICICIGI,383525.0,450371.0,17.429372270386544
CIPLA,615616.0,722838.0,17.417026198149497
SFL,78594.0,92191.0,17.30030282209838
MBAPL,8909.0,10441.0,17.19609383769222
AGARIND,28667.0,33596.0,17.193986116440506
DCW,254459.0,298197.0,17.1886237075521
LUMAXIND,21474.0,25112.0,16.941417528173606
IBULHSGFIN,9350489.0,10920207.0,16.787549827607947
BOMDYEING,2403938.0,2807207.0,16.775349447448313
RAIN,1171110.0,1364062.0,16.475992861473305
JUSTDIAL,240020.0,279362.0,16.391134072160654
GUJGASLTD,1428955.0,1662585.0,16.34971010283739
AKSHOPTFBR,164733.0,191641.0,16.334310672421434
PTL,62834.0,72958.0,16.11229589075978
MANAKSIA,33156.0,38469.0,16.02424900470503
MONARCH,13334.0,15467.0,15.99670016499175
ANSALHSG,156142.0,181056.0,15.955988779444352
ADANIGREEN,1485891.0,1722411.0,15.917722094016318
CLSEL,20543.0,23777.0,15.742588716351069
SPLIL,17909.0,20716.0,15.673683622759507
SUZLON,36966270.0,42613823.0,15.27758413277834
ADANIPOWER,8083950.0,9307365.0,15.133876384688177
GOODLUCK,16211.0,18643.0,15.002159027820616
TATACOFFEE,440089.0,505745.0,14.918800515350302
IEX,3551193.0,4073476.0,14.707254716935973
RCF,1868838.0,2141822.0,14.60715160971684
SHREYAS,14915.0,17075.0,14.482065035199462
SPANDANA,4452456.0,5094782.0,14.426330097366488
ORISSAMINE,770.0,881.0,14.415584415584416
MAHESHWARI,16902.0,19305.0,14.217252396166133
STLTECH,304080.0,347136.0,14.159431728492503
METROPOLIS,177734.0,202858.0,14.13573092373997
UJAAS,159489.0,182000.0,14.114453034378545
TINPLATE,189837.0,216038.0,13.801840526346288
SUNFLAG,254594.0,289368.0,13.6586093937799
HDFC,2709259.0,3076421.0,13.55211886349736
GEPIL,24849.0,28214.0,13.54179242625458
TCIEXP,10457.0,11848.0,13.302094290905615
JTEKTINDIA,810743.0,918445.0,13.284357681780786
GULPOLY,39873.0,45152.0,13.239535525292807
CANFINHOME,322298.0,364663.0,13.144667357538676
RCOM,1447527.0,1634966.0,12.948912179185603
KPITTECH,995301.0,1122557.0,12.785679909896604
GRAVITA,34170.0,38512.0,12.707052970441909
ADANIENT,1026783.0,1156536.0,12.636847318274649
CGCL,98081.0,110414.0,12.574300832984983
SPENCERS,63695.0,71536.0,12.310228432373027
WELENT,282571.0,316786.0,12.108461236291056
TTKPRESTIG,23030.0,25784.0,11.958315240990013
GLS,11259.0,12604.0,11.945998756550315
MCLEODRUSS,147491.0,165098.0,11.937677553206637
ECLERX,28424.0,31759.0,11.733042499296369
SAGARDEEP,13531.0,15112.0,11.684280540979971
VAIBHAVGBL,84262.0,93959.0,11.508153141392324
NATHBIOGEN,14844.0,16535.0,11.391808137968203
DCBBANK,438516.0,488431.0,11.382708954747375
ASHOKLEY,17315427.0,19276771.0,11.32714775096219
HATSUN,8362.0,9294.0,11.145658933269553
IWEL,235.0,261.0,11.063829787234042
AVTNPL,52463.0,58225.0,10.98297848007167
ARMANFIN,8277.0,9186.0,10.982239942007974
ALOKINDS,1186980.0,1317308.0,10.979797469207568
JSWENERGY,736463.0,812251.0,10.290808906896883
JINDALSAW,487321.0,537174.0,10.230012661059137
CORALFINAC,14712.0,16199.0,10.107395323545406
POWERMECH,18872.0,20762.0,10.014836795252226
MOTHERSON,4892190.0,5379023.0,9.951228386469046
WEBELSOLAR,11616.0,12755.0,9.805440771349861
RML,11447.0,12562.0,9.740543373809732
HDFCAMC,279256.0,306362.0,9.706505858423812
GODREJIND,48178.0,52763.0,9.516791896716343
KANORICHEM,3437.0,3761.0,9.426825720104743
GEEKAYWIRE,4109.0,4491.0,9.296665855439281
INDIANCARD,3240.0,3536.0,9.135802469135802
CMICABLES,20860.0,22754.0,9.079578139980825
STEELCITY,3714.0,4050.0,9.046849757673666
TMRVL,30967.0,33748.0,8.980527658475152
TNPETRO,152526.0,165856.0,8.739493594534702
SASTASUNDR,27368.0,29742.0,8.674364220988014
HCC,6424442.0,6980809.0,8.660160680102646
IRFC,2903295.0,3141275.0,8.196893529593101
SWSOLAR,108390.0,117004.0,7.947227604022511
HBLPOWER,2426836.0,2617696.0,7.864561099307905
BEL,3001614.0,3222986.0,7.375098863478115
ENIL,5476.0,5856.0,6.939371804236669
NIACL,296820.0,317399.0,6.933158142982279
KAKATCEM,4088.0,4366.0,6.800391389432485
BKMINDST,23824.0,25440.0,6.783075889858965
BALPHARMA,6799.0,7252.0,6.662744521253125
QUICKHEAL,23709.0,25285.0,6.647264751782024
DCMNVL,32876.0,35061.0,6.646185667356126
BHAGCHEM,2696.0,2870.0,6.454005934718101
AVANTIFEED,41543.0,44136.0,6.241725441109212
BALMLAWRIE,79657.0,84601.0,6.206610843993623
PGHL,4310.0,4573.0,6.102088167053364
J&KBANK,643498.0,682090.0,5.9972214365856615
BAJAJCON,205909.0,218240.0,5.988567765372082
SONAMCLOCK,720.0,763.0,5.972222222222222
BHARATFORG,992371.0,1051323.0,5.9405202288257115
ROTO,10174.0,10753.0,5.69097700019658
NATCOPHARM,162856.0,171945.0,5.5810040772215945
ARCHIDPLY,17012.0,17902.0,5.231601222666353
JSWISPL,1080370.0,1135512.0,5.103992150837213
DBSTOCKBRO,8963.0,9420.0,5.098739261408011
IGARASHI,82518.0,86707.0,5.07646816452168
RTNPOWER,12005791.0,12612656.0,5.054768986066807
SUPERHOUSE,4723.0,4961.0,5.039170019055685
AJANTPHARM,180646.0,189568.0,4.938941354915138
RGL,27823.0,29185.0,4.895230564640765
DBREALTY,122232.0,128197.0,4.880064140323319
CESC,871420.0,913886.0,4.873195474053843
ASALCBR,34632.0,36310.0,4.845229845229845
AARON,2463.0,2580.0,4.750304506699147
BAJAJHLDNG,30775.0,32210.0,4.662875710804224
AUROPHARMA,1324593.0,1386075.0,4.641576695634055
SETCO,27168.0,28425.0,4.626766784452297
RECLTD,2838039.0,2966533.0,4.527562869995797
UJJIVAN,256281.0,267711.0,4.459948259917825
LGBFORGE,112964.0,117910.0,4.378386034488864
BALRAMCHIN,1685474.0,1758864.0,4.354264735024095
MOREPENLAB,444732.0,463980.0,4.327999784139662
TATASTLLP,38389.0,40003.0,4.204329365182734
IRCON,326869.0,339075.0,3.73421768353683
ZOTA,6569.0,6813.0,3.714416197290303
JBFIND,52576.0,54504.0,3.6670724284844796
CAPLIPOINT,19167.0,19858.0,3.6051546929618614
NIITLTD,214420.0,221531.0,3.3163883966047942
DSSL,26596.0,27467.0,3.274928560685817
BRNL,29511.0,30468.0,3.2428585951001323
JPPOWER,37562064.0,38772508.0,3.222517271681343
DIGISPICE,38948.0,40169.0,3.134949162986546
INDIACEM,904002.0,930332.0,2.9126041756544785
JAICORPLTD,1072089.0,1098278.0,2.442800924177004
NAGREEKEXP,20290.0,20765.0,2.341054706752095
LEMONTREE,2534292.0,2592020.0,2.27787484630816
VEDL,20938353.0,21355402.0,1.991794674585914
MANAPPURAM,4292791.0,4376577.0,1.9517838161699461
VMART,93533.0,95306.0,1.8955876535554295
ARVEE,2126.0,2166.0,1.881467544684854
PANACEABIO,18181.0,18521.0,1.8700841537869204
LAOPALA,93235.0,94937.0,1.8254947176489515
DALMIASUG,105521.0,107396.0,1.7768974895992267
CCL,93230.0,94857.0,1.7451464120991098
AMIORG,53158.0,54027.0,1.6347492381203206
STYLAMIND,3244.0,3294.0,1.5413070283600494
HTMEDIA,356388.0,361848.0,1.5320381157614735
VAISHALI,66607.0,67587.0,1.4713168285615625
KECL,76978.0,78096.0,1.4523630128088545
ZYDUSWELL,5868.0,5953.0,1.4485344239945468
MANINFRA,288831.0,292601.0,1.3052615543345418
SPTL,701541.0,709649.0,1.1557414320759585
KITEX,447425.0,452449.0,1.1228697547074928
SARLAPOLY,79420.0,80298.0,1.1055149836313272
NDRAUTO,6544.0,6610.0,1.0085574572127138
GALLANTT,35511.0,35846.0,0.9433696601053195
COCHINSHIP,105311.0,106248.0,0.8897456106199733
HINDCOPPER,6622115.0,6666366.0,0.6682306181635324
HARRMALAYA,36364.0,36573.0,0.5747442525574744
TANLA,380301.0,381897.0,0.41966757910181673
JINDALPOLY,47494.0,47680.0,0.3916284162209963
HCL-INSYS,167606.0,168068.0,0.27564645657076714
MAWANASUG,82592.0,82575.0,-0.020583107322743124
FINEORG,31261.0,31181.0,-0.25590991970826266
CENTENKA,62556.0,62372.0,-0.2941364537374513
HEG,95373.0,95080.0,-0.3072148301930316
ORCHPHARMA,1277.0,1273.0,-0.31323414252153486
DATAMATICS,112650.0,112208.0,-0.39236573457612073
M&M,7303072.0,7273273.0,-0.4080337698984756
BANKINDIA,2306111.0,2295336.0,-0.4672368329191439
IFCI,1825079.0,1816198.0,-0.48660907281273846
GIPCL,102484.0,101971.0,-0.5005659420007026
DHANUKA,17040.0,16948.0,-0.539906103286385
CARERATING,25190.0,25004.0,-0.7383882493052799
ADANIPORTS,2762533.0,2740927.0,-0.7821083042265922
VIJAYA,60266.0,59639.0,-1.0403876149072444
SIMBHALS,31445.0,31078.0,-1.1671171887422485
HATHWAY,877930.0,866639.0,-1.286093424304899
ASHIMASYN,26618.0,26214.0,-1.5177699301224736
WONDERLA,32409.0,31881.0,-1.6291770804406185
SAMBHAAV,31937.0,31409.0,-1.653254845477033
DYNAMATECH,6537.0,6423.0,-1.7439192290041303
VETO,17876.0,17539.0,-1.8852092190646677
BLUESTARCO,17543.0,17209.0,-1.903893290771248
ARROWGREEN,4975.0,4871.0,-2.0904522613065324
INFY,6254281.0,6114340.0,-2.2375233859815378
DEVYANI,1060739.0,1036873.0,-2.2499408431291767
KNRCON,431808.0,422002.0,-2.270916703720172
PIDILITIND,438833.0,428639.0,-2.3229793566117407
SIKKO,12460.0,12156.0,-2.4398073836276084
MHLXMIRU,4021.0,3922.0,-2.462074110917682
SHOPERSTOP,103573.0,100862.0,-2.6174775279271625
EIFFL,589.0,573.0,-2.7164685908319184
EXCELINDUS,16695.0,16231.0,-2.779275232105421
TAINWALCHM,1131.0,1098.0,-2.9177718832891246
AMBUJACEM,2799410.0,2713333.0,-3.0748264812942727
LICI,1798979.0,1743400.0,-3.089474640893529
SRF,355541.0,344118.0,-3.212850276058176
VINEETLAB,5471.0,5289.0,-3.326631328824712
PNBHOUSING,99817.0,96487.0,-3.3361050722822765
CINELINE,10125.0,9783.0,-3.3777777777777773
FSL,2485824.0,2399366.0,-3.478041888725831
SBCL,21712.0,20906.0,-3.712232866617539
INDBANK,81407.0,78340.0,-3.7674892822484556
NESTLEIND,31675.0,30380.0,-4.088397790055249
ABCAPITAL,1771338.0,1696308.0,-4.235781087516894
INDOCO,42289.0,40473.0,-4.294260918915084
RPGLIFE,22990.0,22002.0,-4.297520661157025
IRCTC,2026544.0,1938626.0,-4.338321793161165
ANDHRSUGAR,161133.0,154099.0,-4.365337950637051
AUBANK,1391198.0,1329654.0,-4.423813145217288
CENTRUM,84745.0,80820.0,-4.631541683875154
WELINV,1038.0,989.0,-4.720616570327553
ORIENTBELL,14796.0,14095.0,-4.7377669640443365
GENUSPAPER,77239.0,73571.0,-4.74889628296586
JMFINANCIL,347759.0,331168.0,-4.770832674352066
NITCO,35683.0,33973.0,-4.792197965417706
TRENT,486409.0,462900.0,-4.833175372988576
ELGIRUBCO,5110.0,4859.0,-4.911937377690802
MANYAVAR,106030.0,100791.0,-4.9410544185607845
ONGC,26829020.0,25461812.0,-5.0960042521120785
ORICONENT,45260.0,42893.0,-5.229783473265576
LT,1828491.0,1731440.0,-5.3077100188078585
GNFC,1520604.0,1439152.0,-5.356555684451704
NBCC,2827799.0,2668466.0,-5.634523528723222
IZMO,33597.0,31674.0,-5.723725332618984
AFFLE,401596.0,378430.0,-5.768483749838146
KOKUYOCMLN,23317.0,21951.0,-5.858386584895141
CERA,3594.0,3375.0,-6.093489148580968
NECCLTD,208278.0,195462.0,-6.153314320283467
ANANTRAJ,920286.0,863230.0,-6.199811797636821
MGEL,27023.0,25320.0,-6.302039003811568
NAVNETEDUL,219360.0,205475.0,-6.329777534646245
ZEELEARN,639594.0,598353.0,-6.447996697905234
NAHARPOLY,16347.0,15277.0,-6.545543524805774
MUTHOOTFIN,1011251.0,944827.0,-6.5684978309044935
SCHNEIDER,230470.0,215304.0,-6.58046600425218
XCHANGING,85543.0,79873.0,-6.628245443811884
USHAMART,293189.0,273520.0,-6.708641865827163
MANINDS,55552.0,51714.0,-6.9088421658986165
MARKSANS,540881.0,503504.0,-6.91039248929062
LIBERTSHOE,26911.0,25048.0,-6.922819664821077
INDHOTEL,5283412.0,4909943.0,-7.068708629953522
INDOWIND,59073.0,54843.0,-7.160631760702859
PERSISTENT,280810.0,260392.0,-7.271108578754318
BERGEPAINT,737287.0,683311.0,-7.320894034480467
CANBK,7190679.0,6654264.0,-7.459865751203745
GREENPANEL,189620.0,175022.0,-7.698555004746336
BURNPUR,92853.0,85562.0,-7.852196482612301
SANGHIIND,187091.0,172221.0,-7.948003912534542
AMDIND,33039.0,30350.0,-8.138866188443961
GRASIM,826538.0,758735.0,-8.203252603026117
MODISNME,9561.0,8762.0,-8.356866436565213
ORIENTABRA,17174.0,15736.0,-8.373122161406778
APOLLOPIPE,29043.0,26587.0,-8.456426677684812
SWELECTES,14604.0,13349.0,-8.593536017529443
PNB,20714754.0,18924714.0,-8.641377059075865
FINPIPE,257930.0,235513.0,-8.691117745124647
BIGBLOC,12569.0,11462.0,-8.807383244490413
BYKE,12179.0,11102.0,-8.843090565727891
PCJEWELLER,1443318.0,1314889.0,-8.898177671171565
ANTGRAPHIC,243282.0,221499.0,-8.953806693466841
CMSINFO,74022.0,67336.0,-9.032449812217989
ETHOSLTD,17880.0,16245.0,-9.144295302013424
GUJALKALI,231144.0,209977.0,-9.157494894957257
KABRAEXTRU,32037.0,29097.0,-9.17688922183725
MAXHEALTH,340257.0,308860.0,-9.22743690798426
ZENTEC,83163.0,75456.0,-9.267342447963637
INDORAMA,83506.0,75765.0,-9.269992575383805
UNICHEMLAB,25772.0,23379.0,-9.285270836566816
SHREYANIND,19932.0,18069.0,-9.346779048765804
DRREDDY,335102.0,303659.0,-9.383113201353618
MAHLIFE,352147.0,318310.0,-9.608771336970072
NESCO,21368.0,19274.0,-9.799700486709098
SIYSIL,150123.0,135240.0,-9.91387062608661
CHOLAHLDNG,15258.0,13734.0,-9.988202909948878
GABRIEL,191166.0,171489.0,-10.293148363202661
ULTRACEMCO,296712.0,265862.0,-10.397287605489499
TV18BRDCST,8661005.0,7760177.0,-10.400963860429592
BSOFT,2209239.0,1978029.0,-10.46559471383585
GTL,567232.0,507716.0,-10.492355861446462
SYNGENE,246505.0,220343.0,-10.613172146609601
HCG,462762.0,413171.0,-10.71630773486155
INFOBEAN,20417.0,18219.0,-10.765538521820051
SHREDIGCEM,63756.0,56833.0,-10.85858585858586
TATACHEM,951915.0,847793.0,-10.938161495511679
FMGOETZE,12982.0,11559.0,-10.961331073794485
GPIL,271154.0,240845.0,-11.17778089203921
ESTER,62782.0,55751.0,-11.199069797075595
ZYDUSLIFE,703714.0,624492.0,-11.257698439991247
MANGALAM,93707.0,83128.0,-11.28944475866264
HCLTECH,2169033.0,1922313.0,-11.374654050906557
SBIN,12229833.0,10833364.0,-11.418545126495186
MAHAPEXLTD,1349.0,1192.0,-11.638250555967383
GRANULES,1332756.0,1177267.0,-11.666726692657921
ASHOKA,605204.0,534482.0,-11.685646492752857
TIMKEN,44532.0,39280.0,-11.793766280427558
DBL,361826.0,318659.0,-11.930320098610935
DIVISLAB,392345.0,345510.0,-11.937198129197517
HMVL,19469.0,17127.0,-12.02938004006369
EROSMEDIA,232532.0,204362.0,-12.1144616654912
TOUCHWOOD,610.0,536.0,-12.131147540983607
STARCEMENT,39441.0,34653.0,-12.139651631550924
MUKTAARTS,5508.0,4839.0,-12.145969498910675
COALINDIA,9304799.0,8171322.0,-12.181638743620361
VISESHINFO,7639974.0,6709197.0,-12.182986486603227
ISGEC,48503.0,42565.0,-12.242541698451642
VINYLINDIA,38482.0,33722.0,-12.369419468842576
KSB,33288.0,29097.0,-12.5901225666907
UGROCAP,20686.0,18064.0,-12.675239292274968
ABSLAMC,217542.0,189874.0,-12.718463561059473
EIDPARRY,695212.0,606260.0,-12.794946002082819
SAIL,33483121.0,29172632.0,-12.87361772518159
RIIL,764249.0,665698.0,-12.895142813402439
RITCO,7778.0,6771.0,-12.946772949344304
PPAP,5228.0,4545.0,-13.064269319051263
JINDALSTEL,5882772.0,5110202.0,-13.132754422574935
MASFIN,26895.0,23357.0,-13.154861498419782
BGRENERGY,57734.0,49847.0,-13.660927702913362
SWARAJENG,7958.0,6868.0,-13.696908771048003
FINOPB,14961.0,12863.0,-14.023126796337143
GSFC,2243888.0,1928350.0,-14.062110051838594
BRITANNIA,351311.0,301133.0,-14.283071125014587
MEDICO,1960.0,1676.0,-14.489795918367346
ADANITRANS,463028.0,395909.0,-14.495667648608723
GODREJPROP,389583.0,333037.0,-14.5144937022406
DHANBANK,185981.0,158803.0,-14.613320715556966
KPIGREEN,275971.0,235210.0,-14.770030184330963
COMPUSOFT,264601.0,225500.0,-14.777344000967494
SUNDRMBRAK,816.0,695.0,-14.82843137254902
ICICIPRULI,887509.0,755037.0,-14.926271170207853
KARURVYSYA,564368.0,479950.0,-14.957970685793667
RAJRATAN,45844.0,38967.0,-15.000872524212546
INDOAMIN,20661.0,17552.0,-15.047674362325154
NAVKARCORP,2698422.0,2290587.0,-15.113833195845572
KOPRAN,80668.0,68239.0,-15.407596568651757
AIROLAM,14464.0,12211.0,-15.576603982300885
HITECHGEAR,6343.0,5354.0,-15.591991171370015
GOCLCORP,12374.0,10441.0,-15.621464360756423
MEDPLUS,35318.0,29717.0,-15.858768899711196
JINDRILL,8625.0,7250.0,-15.942028985507244
ISMTLTD,33603.0,28186.0,-16.120584471624557
ASTRON,21048.0,17613.0,-16.31984036488027
PRAENG,21843.0,18270.0,-16.357643180881748
IDEA,92828648.0,77570510.0,-16.43688487200632
ANGELONE,698407.0,582921.0,-16.535630370256886
TATAPOWER,20176334.0,16789270.0,-16.787311312352383
PVP,49443.0,41094.0,-16.88611127965536
HEIDELBERG,57722.0,47917.0,-16.986590901216175
JSLHISAR,133807.0,111057.0,-17.00210003960929
DICIND,1198.0,993.0,-17.111853088480803
BANDHANBNK,5632189.0,4667830.0,-17.122276969043476
GOACARBON,70551.0,58446.0,-17.15780073989029
SATIA,258021.0,213740.0,-17.161781405389483
NMDC,7913807.0,6550530.0,-17.226563650086486
PILITA,499850.0,413574.0,-17.26037811343403
AARTIDRUGS,54649.0,45178.0,-17.330600742923018
EASTSILK,19354.0,15969.0,-17.489924563397746
PDMJEPAPER,89837.0,74123.0,-17.491679374867815
ENERGYDEV,55670.0,45855.0,-17.630680797557034
TEXINFRA,12667.0,10431.0,-17.652167048235572
JUBLFOOD,3345874.0,2747036.0,-17.89780487848616
VBL,827258.0,679169.0,-17.901186812336658
EMUDHRA,43188.0,35442.0,-17.93553764934704
GODFRYPHLP,13649.0,11193.0,-17.99399223386329
MANGCHEFER,362196.0,296911.0,-18.024771118399983
AXISBANK,8450777.0,6918584.0,-18.13079436364254
MSUMI,2742269.0,2235448.0,-18.481811959366496
CANTABIL,16926.0,13788.0,-18.539524991137895
DEEPAKNTR,541037.0,440158.0,-18.645490049663888
KEYFINSERV,8589.0,6984.0,-18.68669228082431
BALKRISHNA,10724.0,8720.0,-18.687057068258113
TEXMOPIPES,171322.0,139214.0,-18.74131751905768
AGRITECH,3942.0,3197.0,-18.899036022323692
20MICRONS,102288.0,82827.0,-19.025692163303614
WABAG,125209.0,101277.0,-19.11364199059173
BFINVEST,4974.0,4010.0,-19.380780056292725
EICHERMOT,1338537.0,1078547.0,-19.423445149443012
RAMCOCEM,244575.0,197043.0,-19.43452928549525
WESTLIFE,24366.0,19620.0,-19.47796109332677
KAPSTON,825.0,664.0,-19.515151515151516
GANESHHOUC,14931.0,11995.0,-19.663786752394348
SARDAEN,21243.0,17046.0,-19.75709645530292
APLAPOLLO,201026.0,161209.0,-19.806890650960575
RATNAMANI,19908.0,15951.0,-19.876431585292345
AURIONPRO,49178.0,39353.0,-19.978445646427264
HGS,138380.0,110635.0,-20.04986269692152
BLBLIMITED,14976.0,11965.0,-20.105502136752136
IGPL,12393.0,9889.0,-20.20495440974744
GPPL,766659.0,610284.0,-20.39694309986578
INDIANHUME,12534.0,9976.0,-20.40848891016435
M&MFIN,2170297.0,1727354.0,-20.40932646545611
CHOLAFIN,3586014.0,2849874.0,-20.5280849433382
INDOBORAX,19074.0,15156.0,-20.541050644856874
ESABINDIA,3911.0,3107.0,-20.557402198926106
RPPL,3721.0,2956.0,-20.558989518946518
TATACOMM,312336.0,247987.0,-20.60249218790021
SOMATEX,9096.0,7210.0,-20.73438874230431
RVNL,921762.0,730577.0,-20.741254250012474
MENONBE,33903.0,26782.0,-21.004040940329766
SUNPHARMA,1778752.0,1404748.0,-21.026202640952757
SHYAMMETL,63003.0,49714.0,-21.09264638191832
FORCEMOT,20800.0,16405.0,-21.129807692307693
GICRE,224058.0,176707.0,-21.13336725312196
SURYAROSNI,46711.0,36794.0,-21.23054526770996
SETUINFRA,74167.0,58359.0,-21.31406150983591
VENKEYS,24621.0,19345.0,-21.42886154096097
OIL,5161001.0,4054538.0,-21.43892241059438
SPENTEX,11913.0,9355.0,-21.472341139931167
RELINFRA,1441018.0,1128854.0,-21.66274120101206
UNIONBANK,5121326.0,4004845.0,-21.80062351039555
WIPRO,9827505.0,7681051.0,-21.841291355232077
LFIC,982.0,765.0,-22.09775967413442
GLOBAL,18018.0,14015.0,-22.21667221667222
BFUTILITIE,105626.0,81895.0,-22.46700622952682
BDL,763528.0,591323.0,-22.55385526136566
ITC,9067252.0,7013132.0,-22.65427276092029
COFFEEDAY,969575.0,749472.0,-22.700977232292498
ALPHAGEO,4306.0,3327.0,-22.73571760334417
FAIRCHEMOR,10807.0,8346.0,-22.772277227722775
WSTCSTPAPR,140813.0,108664.0,-22.830988616107888
FOODSIN,17994.0,13884.0,-22.84094698232744
SIEMENS,128197.0,98836.0,-22.90303205223211
BALKRISIND,227039.0,174940.0,-22.947158858169743
WFL,996.0,767.0,-22.991967871485944
SAKSOFT,14954.0,11510.0,-23.030627256921225
JAGRAN,72985.0,56175.0,-23.032129889703366
NYKAA,396795.0,305363.0,-23.042629065386407
EVERESTIND,22227.0,17081.0,-23.15202231520223
CELEBRITY,46799.0,35944.0,-23.194940062821857
SHK,68238.0,52341.0,-23.296403763299043
MBECL,77865.0,59689.0,-23.342965388813973
AMARAJABAT,334067.0,256035.0,-23.35818862683234
TATASTEEL,11151584.0,8543381.0,-23.388632502790635
KDDL,6134.0,4699.0,-23.394196283012718
PLASTIBLEN,6871.0,5261.0,-23.43181487410857
ARIHANTSUP,98204.0,75148.0,-23.47765875117103
EASEMYTRIP,1238425.0,946067.0,-23.60724307083594
BODALCHEM,173259.0,132190.0,-23.703819137822567
RAINBOW,81692.0,62280.0,-23.762424717230573
PARAGMILK,227301.0,173248.0,-23.780361723001658
JAYAGROGN,14814.0,11269.0,-23.93006615363845
SUNDARMHLD,37437.0,28450.0,-24.005662846916152
BLKASHYAP,48798.0,37076.0,-24.021476290011886
CUBEXTUB,8734.0,6635.0,-24.03251660178612
JAGSNPHARM,15653.0,11878.0,-24.116782725356163
TIRUMALCHM,794230.0,602271.0,-24.16919532125455
MIRCELECTR,534171.0,404375.0,-24.29858603331143
EMKAY,26265.0,19878.0,-24.31753283837807
DGCONTENT,156522.0,118449.0,-24.32437612603979
SNOWMAN,428800.0,324477.0,-24.329057835820894
BOSCHLTD,38229.0,28919.0,-24.353239687148502
BPCL,4348512.0,3274950.0,-24.688031216195334
IITL,376.0,282.0,-25.0
HERANBA,24090.0,18052.0,-25.06434205064342
PRECWIRE,104312.0,78052.0,-25.174476570289134
BHEL,18750796.0,14019484.0,-25.232592792327324
TVSSRICHAK,4039.0,3019.0,-25.25377568705125
IDBI,6002551.0,4480299.0,-25.360084404114186
SUULD,95957.0,71510.0,-25.477036589305623
COASTCORP,10737.0,7997.0,-25.51923256030549
POLYPLEX,386442.0,287821.0,-25.520259185078224
VIVIMEDLAB,561571.0,417453.0,-25.663362246269838
BHARATWIRE,15323.0,11368.0,-25.810872544540885
STOVEKRAFT,30190.0,22354.0,-25.955614441868168
GMMPFAUDLR,9495.0,7011.0,-26.161137440758292
SHARDACROP,177082.0,130745.0,-26.166973492506294
BESTAGRO,71433.0,52741.0,-26.167177634986633
RAMASTEEL,99787.0,73658.0,-26.1847735676992
SOLARINDS,28116.0,20722.0,-26.29819319960165
CUPID,17213.0,12676.0,-26.357985243711145
ALEMBICLTD,74811.0,55030.0,-26.441298739490183
HEROMOTOCO,1846048.0,1354569.0,-26.623305569519317
NAVINFLUOR,88568.0,64971.0,-26.64280552795592
MASTEK,99313.0,72844.0,-26.65209992649502
RELIANCE,8974475.0,6571866.0,-26.771582738823163
BEDMUTHA,21329.0,15613.0,-26.799193586197195
PATELENG,656879.0,479171.0,-27.053384261028285
MUTHOOTCAP,7088.0,5167.0,-27.102144469525957
GANGAFORGE,70654.0,51293.0,-27.402553287853483
ICICIBANK,14960412.0,10856736.0,-27.43023387323825
DNAMEDIA,71278.0,51704.0,-27.461488818429245
POWERGRID,9835894.0,7124329.0,-27.568058378831655
PALASHSECU,4693.0,3391.0,-27.743447688046025
ZEEL,8689798.0,6246679.0,-28.11479622426206
BAFNAPH,7154.0,5140.0,-28.15208275090858
AJOONI,19009.0,13651.0,-28.186648429691196
SIGIND,17195.0,12341.0,-28.229136376853738
PARAS,40639.0,29152.0,-28.265951425970126
OLECTRA,219922.0,157638.0,-28.320950155054973
TIMETECHNO,4697191.0,3365700.0,-28.34653732411563
NURECA,6253.0,4469.0,-28.530305453382375
KHAITANLTD,1911.0,1363.0,-28.67608581894296
ZENSARTECH,280579.0,199898.0,-28.75518125020048
IOC,11052835.0,7871986.0,-28.77858033708094
KALYANKJIL,230465.0,164065.0,-28.811316251925454
RAMCOSYS,268402.0,190933.0,-28.863048710516313
EDELWEISS,500656.0,356093.0,-28.874716372119778
BSE,2126683.0,1512498.0,-28.879950608529807
SHEMAROO,26081.0,18541.0,-28.90993443502933
KSL,8975.0,6374.0,-28.980501392757663
ARVINDFASN,40005.0,28408.0,-28.988876390451196
ZOMATO,33785882.0,23948418.0,-29.117085059374798
SRPL,137392.0,97324.0,-29.163270059392104
ARSSINFRA,10515.0,7437.0,-29.272467902995718
SHANTIGEAR,136725.0,96664.0,-29.300420552203327
PUNJABCHEM,1743.0,1232.0,-29.31726907630522
NEXTMEDIA,3462.0,2447.0,-29.318313113807047
LAGNAM,10233.0,7232.0,-29.326688165738297
CEREBRAINT,197450.0,139263.0,-29.46923271714358
ASTERDM,196037.0,138223.0,-29.49137152680361
TATAELXSI,562596.0,396405.0,-29.54002516903782
ABBOTINDIA,14917.0,10505.0,-29.576992692900717
TIPSINDLTD,4629.0,3256.0,-29.660833873406784
ROLTA,185330.0,130081.0,-29.811147682512274
HINDPETRO,6739400.0,4727258.0,-29.85639671187346
WATERBASE,21474.0,15013.0,-30.087547732141196
IPL,71476.0,49964.0,-30.09681571436566
AARTIIND,590419.0,412715.0,-30.097947389904455
ATFL,4788.0,3339.0,-30.263157894736842
RANEHOLDIN,5725.0,3991.0,-30.2882096069869
LICHSGFIN,2713726.0,1891594.0,-30.295320898277865
MRO-TEK,24045.0,16740.0,-30.380536494073613
DVL,15672.0,10904.0,-30.423685553854007
VISAKAIND,11141.0,7735.0,-30.57176196032672
NIRAJ,7220.0,5006.0,-30.66481994459834
NUVOCO,521565.0,361387.0,-30.711033140644023
MANAKCOAT,22832.0,15813.0,-30.741941135248773
MAGNUM,23521.0,16272.0,-30.81926788827006
MARUTI,1676430.0,1156788.0,-30.996939925913995
MARICO,2090775.0,1442087.0,-31.026198419246455
TARC,274012.0,188387.0,-31.248631446797955
TIJARIA,4549.0,3121.0,-31.391514618597494
JPASSOCIAT,3909161.0,2677918.0,-31.49634921662219
KRBL,236398.0,161578.0,-31.650013959508964
VGUARD,191955.0,130918.0,-31.797556719022683
GMDCLTD,2395765.0,1633676.0,-31.8098394458555
RBLBANK,25335009.0,17272087.0,-31.825218613500393
NFL,1059026.0,721488.0,-31.8724941597279
SILINV,1088.0,739.0,-32.07720588235294
GATI,429230.0,291502.0,-32.087225962770546
MARINE,74687.0,50676.0,-32.14883446918473
OAL,26207.0,17779.0,-32.15934673942076
VIVIDHA,1681824.0,1140810.0,-32.16828871510931
ASIANTILES,874729.0,592972.0,-32.21077613752373
PFS,292882.0,198449.0,-32.24267793855546
URJA,2017774.0,1366663.0,-32.268777375464246
FOSECOIND,2308.0,1563.0,-32.2790294627383
NAHARSPING,38075.0,25778.0,-32.2967826657912
SHRIRAMCIT,59388.0,40187.0,-32.33144743045733
DEEPINDS,39551.0,26749.0,-32.36833455538419
KOLTEPATIL,205088.0,138683.0,-32.378783741613354
JSWSTEEL,5037690.0,3406061.0,-32.3884359696607
ONWARDTEC,10616.0,7172.0,-32.44159758854559
NATIONALUM,26619459.0,17983417.0,-32.442590211919786
UMANGDAIRY,9622.0,6492.0,-32.52961962170027
SEQUENT,2009989.0,1355748.0,-32.54948161407849
ATLANTA,67034.0,45165.0,-32.62374317510517
HFCL,5459852.0,3678223.0,-32.631452281124105
ALPA,37516.0,25239.0,-32.72470412623947
STARHEALTH,1148653.0,772754.0,-32.72520073512192
RPPINFRA,47508.0,31818.0,-33.02601667087649
MURUDCERA,16950.0,11301.0,-33.32743362831859
SOTL,4514.0,3009.0,-33.34071776694728
KRIDHANINF,40527.0,26940.0,-33.52579761640388
IMFA,47532.0,31525.0,-33.67626020365228
RAJESHEXPO,203271.0,134711.0,-33.72837246828126
ABFRL,2403349.0,1592567.0,-33.73550824287276
BLUEDART,19333.0,12804.0,-33.771271918481354
DODLA,4064.0,2691.0,-33.78444881889764
GICHSGFIN,47449.0,31408.0,-33.806824169107884
AJRINFRA,1366440.0,901242.0,-34.044524457714935
RPOWER,8843330.0,5828590.0,-34.09055186225098
UNITECH,1332153.0,875941.0,-34.24621646312398
VASWANI,235328.0,154620.0,-34.29596138156106
MALLCOM,1740.0,1142.0,-34.367816091954026
PRAXIS,22483.0,14745.0,-34.41711515367166
PILANIINVS,436.0,285.0,-34.63302752293578
SIS,43746.0,28587.0,-34.65231106844055
MANGLMCEM,12296.0,8022.0,-34.75927130774236
ABB,292754.0,190440.0,-34.94879660055883
KOTAKBANK,2490801.0,1617721.0,-35.052177994147264
VIKASECO,4360408.0,2831099.0,-35.072612471126554
UDAICEMENT,82423.0,53509.0,-35.08001407374155
TRIDENT,9134300.0,5928586.0,-35.095343923453356
NDTV,321908.0,208919.0,-35.099780061384
ORBTEXP,9026.0,5857.0,-35.10968313760248
CHAMBLFERT,1845713.0,1195978.0,-35.20238520289991
SONACOMS,1214419.0,786721.0,-35.21832250648252
BALLARPUR,1430166.0,925018.0,-35.32093477260682
SUNDRMFAST,42463.0,27431.0,-35.400230789157625
TASTYBITE,960.0,620.0,-35.41666666666667
ACE,220004.0,141513.0,-35.67707859857093
GARFIBRES,5084.0,3263.0,-35.818253343823756
HDFCLIFE,1592871.0,1021604.0,-35.86398396354758
PROZONINTU,108687.0,69576.0,-35.98498440475862
ANUP,7619.0,4876.0,-36.00210001312508
BCLIND,24211.0,15466.0,-36.11994547932758
DBCORP,51279.0,32702.0,-36.22730552467871
KRITI,30712.0,19541.0,-36.37340453243032
GENCON,12275.0,7801.0,-36.44806517311609
SVPGLOB,73565.0,46705.0,-36.51192822673826
AYMSYNTEX,11776.0,7467.0,-36.591372282608695
GSCLCEMENT,57443.0,36321.0,-36.77036366485037
EQUIPPP,5077.0,3207.0,-36.832775260980895
AUTOIND,25942.0,16372.0,-36.88998535193894
BLS,2688604.0,1696651.0,-36.894723060740816
SUVEN,731685.0,460969.0,-36.9989818022783
HNDFDS,3654.0,2299.0,-37.08264915161467
MOHITIND,6391.0,4015.0,-37.177280550774526
RAYMOND,510007.0,320264.0,-37.20399916079583
SICAL,66911.0,41972.0,-37.27189849202672
HUBTOWN,235115.0,147460.0,-37.28175573655445
VICEROY,44819.0,28109.0,-37.28329503112519
PREMIERPOL,17038.0,10682.0,-37.30484798685292
SOUTHBANK,2570365.0,1609758.0,-37.372396527341444
63MOONS,107266.0,67057.0,-37.485316875804074
BIRLAMONEY,75659.0,47201.0,-37.613502689699835
HESTERBIO,5683.0,3540.0,-37.708956537040294
NITIRAJ,6814.0,4242.0,-37.74581743469328
SJVN,643409.0,399967.0,-37.83627521529851
ITI,21889048.0,13604145.0,-37.8495355302798
HINDALCO,18756690.0,11621311.0,-38.041781359077746
MCL,9120.0,5591.0,-38.69517543859649
MANALIPETC,723654.0,442986.0,-38.78483363596415
PNBGILTS,174647.0,106907.0,-38.78680996524418
JYOTHYLAB,134891.0,82416.0,-38.90177995566791
FCSSOFT,748778.0,457095.0,-38.95453659161995
ORIENTPPR,741686.0,450540.0,-39.254617183012755
GOLDENTOBC,3837.0,2329.0,-39.30153765962992
MOLDTECH,59201.0,35859.0,-39.42838803398591
NECLIFE,235317.0,142398.0,-39.486734915029515
SHAREINDIA,25750.0,15573.0,-39.52233009708738
ENDURANCE,70994.0,42913.0,-39.554046820858105
CHENNPETRO,4605281.0,2783035.0,-39.568616985586765
GAIL,13440967.0,8109522.0,-39.665635664457774
IL&FSTRANS,25382.0,15253.0,-39.90623276337562
JSL,1516991.0,911318.0,-39.92594550659826
KEI,137593.0,82383.0,-40.12558778426228
CAMPUS,251233.0,150213.0,-40.20968582948896
VESUVIUS,3458.0,2064.0,-40.312319259687676
CAREERP,10739.0,6401.0,-40.39482260918149
SCHAND,29352.0,17347.0,-40.90010902153175
QUESS,239624.0,140797.0,-41.242529963609655
TWL,277358.0,162716.0,-41.33358331109974
SUBROS,126968.0,74439.0,-41.37184172389893
DEEPENR,19028.0,11140.0,-41.45469833928947
GUJAPOLLO,1877.0,1098.0,-41.502397442727755
TOTAL,8073.0,4720.0,-41.533506750898056
BUTTERFLY,5675.0,3317.0,-41.55066079295155
APOLLOTYRE,5974789.0,3491221.0,-41.56745953706482
INTLCONV,114371.0,66816.0,-41.57959622631611
AKASH,60865.0,35478.0,-41.71034256140639
KOVAI,1109.0,644.0,-41.92966636609558
CRISIL,38912.0,22533.0,-42.09241365131579
AMRUTANJAN,11272.0,6510.0,-42.24627395315827
TCS,3692578.0,2132118.0,-42.25936459568356
DFMFOODS,26907.0,15502.0,-42.38673951016464
PBAINFRA,20216.0,11631.0,-42.46636327661258
CUMMINSIND,301240.0,173243.0,-42.49004116319214
AETHER,59564.0,34240.0,-42.5156134577933
FACT,262867.0,150808.0,-42.629542696496706
TAKE,333074.0,190328.0,-42.857142857142854
BEPL,386096.0,219702.0,-43.09653557664415
BALAJITELE,109416.0,62208.0,-43.14542662864663
ITDC,14913.0,8468.0,-43.217327164219135
ARIHANTCAP,32180.0,18227.0,-43.35922933499068
SAKHTISUG,199315.0,112663.0,-43.474901537766854
PRITI,73055.0,41254.0,-43.53021695982479
ERIS,19039.0,10737.0,-43.60523136719365
SURYODAY,137735.0,77624.0,-43.64250190583366
ALANKIT,139733.0,78380.0,-43.90730893919117
NAM-INDIA,441816.0,247333.0,-44.01900338602495
GMBREW,15660.0,8752.0,-44.112388250319285
TATAMOTORS,26514004.0,14806456.0,-44.15609200330512
KKCL,139674.0,77928.0,-44.20722539627991
RUCHINFRA,42999.0,23982.0,-44.22660992116096
DELTACORP,6357883.0,3541411.0,-44.29889634647256
UMAEXPORTS,94172.0,52398.0,-44.35925752877713
PRAKASH,526174.0,292413.0,-44.426558514863906
PARADEEP,2904765.0,1614268.0,-44.42689856150153
PRUDENT,21856.0,12134.0,-44.4820644216691
TANTIACONS,2508.0,1390.0,-44.577352472089316
RANEENGINE,12874.0,7111.0,-44.76464191393506
MAHASTEEL,35215.0,19407.0,-44.88996166406361
SBILIFE,895014.0,492066.0,-45.02141865937293
ASHIANA,52173.0,28644.0,-45.09803921568628
SPICEJET,2609027.0,1431909.0,-45.11712603970752
BINDALAGRO,95855.0,52576.0,-45.150487715820766
TBZ,151326.0,82868.0,-45.23875606306913
VENUSREM,110894.0,60652.0,-45.306328566018
ACRYSIL,771373.0,419696.0,-45.59104350294864
JYOTISTRUC,59304.0,32264.0,-45.595575340617835
GOKULAGRO,155936.0,84833.0,-45.59755284219167
NETWORK18,2298706.0,1242691.0,-45.9395416377736
TI,82720.0,44604.0,-46.07833655705996
SHRENIK,1195419.0,642372.0,-46.263862294308524
AURUM,36649.0,19662.0,-46.35051433872684
WORTH,15320.0,8219.0,-46.35117493472585
MIRZAINT,659014.0,353308.0,-46.38839235585284
PRINCEPIPE,97788.0,52337.0,-46.47911809219945
RAMKY,50845.0,27145.0,-46.61225292555807
GANESHBE,112538.0,60041.0,-46.648243260054386
KOTHARIPET,76766.0,40817.0,-46.82932548263554
DONEAR,17609.0,9362.0,-46.83400533817934
ASTRAL,208095.0,110546.0,-46.87714745669045
ORIENTCEM,467221.0,248100.0,-46.89879093619508
MASKINVEST,138.0,73.0,-47.10144927536232
HLEGLAS,5842.0,3085.0,-47.19274221157138
DLF,6769260.0,3572017.0,-47.231794908158356
CAMS,90695.0,47603.0,-47.513093334803465
SOBHA,252383.0,132444.0,-47.52261443916587
AIAENG,114408.0,60023.0,-47.53601146772953
TITAN,1632845.0,854618.0,-47.66080062712627
LODHA,287661.0,150350.0,-47.73361700056664
SUVENPHAR,195193.0,101998.0,-47.74505233281931
JBCHEPHARM,32519.0,16992.0,-47.74747070943141
GMRINFRA,5678741.0,2966980.0,-47.752855782646186
HDFCBANK,7686122.0,4006716.0,-47.870772803242
TECHIN,13363.0,6956.0,-47.945820549277855
JMCPROJECT,124104.0,64597.0,-47.94930058660478
MUKANDLTD,29792.0,15495.0,-47.98939312567132
SPIC,649647.0,337213.0,-48.09288736806296
VIKASLIFE,7299716.0,3778521.0,-48.237424579257606
DECCANCE,4955.0,2561.0,-48.31483350151362
MFL,139973.0,72344.0,-48.31574660827445
CYIENT,230057.0,118719.0,-48.39583233720339
INDRAMEDCO,62053.0,32010.0,-48.41506454160153
TCNSBRANDS,32432.0,16717.0,-48.45522940305871
HOMEFIRST,30647.0,15724.0,-48.69318367213757
AMBICAAGAR,8277.0,4243.0,-48.737465265192704
MALUPAPER,30277.0,15509.0,-48.776298840704165
RSYSTEMS,44855.0,22899.0,-48.94883513543641
TCI,53692.0,27319.0,-49.1190493928332
PRSMJOHNSN,75532.0,38429.0,-49.12222634115342
KANPRPLA,6156.0,3130.0,-49.15529564652372
MADHUCON,22835.0,11591.0,-49.24020144514999
EMAMIREAL,35963.0,18223.0,-49.32847648972555
BSHSL,411.0,208.0,-49.39172749391727
FORTIS,594004.0,300227.0,-49.457074363135604
COROMANDEL,417477.0,210922.0,-49.47697717479046
PENINLAND,137953.0,69091.0,-49.917000717635716
LPDC,63278.0,31649.0,-49.984196719238916
PVR,513836.0,256119.0,-50.15549708467293
JISLJALEQS,10306610.0,5100985.0,-50.50763539126832
BSL,9599.0,4748.0,-50.536514220231275
NDGL,369.0,182.0,-50.67750677506775
UPL,3857527.0,1901670.0,-50.70235412480587
ISEC,293576.0,144706.0,-50.70918603700575
SUPRAJIT,167217.0,82243.0,-50.81660357499537
TIRUPATIFL,23552.0,11546.0,-50.9765625
SAREGAMA,181788.0,88929.0,-51.08092943428609
RHFL,754448.0,368033.0,-51.21824168133523
TREJHARA,25096.0,12200.0,-51.386675167357346
TECHNOE,109271.0,53073.0,-51.42993108876097
INVENTURE,3821415.0,1846926.0,-51.6690545256142
SITINET,607385.0,293521.0,-51.67463799731637
IFBAGRO,4734.0,2277.0,-51.90114068441065
MARATHON,544866.0,262006.0,-51.913681529036495
AKSHARCHEM,16165.0,7741.0,-52.11258892669347
SYMPHONY,20570.0,9832.0,-52.20223626640739
HECPROJECT,3803.0,1806.0,-52.511175387851694
ASAHISONG,9893.0,4693.0,-52.56241787122208
IDFCFIRSTB,80490397.0,38180241.0,-52.56547063620521
WINPRO,244177.0,115809.0,-52.571700037268045
DIAMONDYD,35315.0,16699.0,-52.71414413138893
DCMFINSERV,32562.0,15350.0,-52.85916098519748
BAJAJ-AUTO,1186420.0,558798.0,-52.900490551406754
KIRLOSIND,1872.0,879.0,-53.044871794871796
ROSSARI,35259.0,16547.0,-53.07013812076349
INDIGO,992947.0,464612.0,-53.20878153617464
GULFOILLUB,12390.0,5777.0,-53.37368845843422
DIL,299883.0,138966.0,-53.659927371674954
TARAPUR,1965.0,910.0,-53.68956743002544
MRPL,15104019.0,6989681.0,-53.72303888124081
ASIANENE,65224.0,30102.0,-53.84827670796027
NOIDATOLL,182549.0,84133.0,-53.91210031279273
ATGL,703032.0,323814.0,-53.940361178438536
MADRASFERT,502954.0,231215.0,-54.02859903689006
BALAXI,6429.0,2948.0,-54.145279203608645
ARTNIRMAN,1815.0,831.0,-54.21487603305785
SELAN,19264.0,8815.0,-54.24107142857143
ICEMAKE,50250.0,22987.0,-54.2547263681592
ADORWELD,4802.0,2180.0,-54.602249062890465
TORNTPOWER,695005.0,314591.0,-54.73543355803196
STEL,12492.0,5642.0,-54.83509446045469
LIKHITHA,18409.0,8307.0,-54.87533271769244
HINDOILEXP,1154680.0,520766.0,-54.89953926629023
PRECOT,13078.0,5872.0,-55.10016822144058
ASAL,6226.0,2792.0,-55.15579826533891
RELCAPITAL,602763.0,270229.0,-55.168283388330075
PCBL,636120.0,285028.0,-55.19273093127083
VIPULLTD,3966.0,1772.0,-55.32022188603126
UNIENTER,1649.0,735.0,-55.42753183747726
GOLDIAM,119510.0,53141.0,-55.53426491506986
JWL,268694.0,119314.0,-55.59484022717292
CAPACITE,190402.0,84190.0,-55.78302748920705
AAVAS,99627.0,43953.0,-55.882441506820435
ZENITHEXPO,1120.0,493.0,-55.98214285714286
SALSTEEL,152456.0,67023.0,-56.03780762974235
FEL,865586.0,380236.0,-56.07184034861932
MORARJEE,16248.0,7128.0,-56.12998522895125
CHEMPLASTS,1743059.0,757493.0,-56.54232013947893
GMRP&UI,418973.0,181868.0,-56.59195222603843
BLISSGVS,49996.0,21686.0,-56.624529962397
KALPATPOWR,321495.0,139238.0,-56.69046174901632
THYROCARE,65083.0,28187.0,-56.69068727624725
OBEROIRLTY,940241.0,407039.0,-56.70907777899497
SCI,3657079.0,1581531.0,-56.75425660752749
VIPIND,994405.0,428776.0,-56.881150034442705
BANARISUG,3969.0,1702.0,-57.11766187956664
E2E,2120.0,907.0,-57.216981132075475
GAL,672862.0,284980.0,-57.64659023692823
SIGACHI,97312.0,41176.0,-57.68661624465636
GREENPLY,254723.0,107109.0,-57.95079360717328
MANUGRAPH,1803.0,758.0,-57.95895729339989
MHRIL,376202.0,157912.0,-58.024678231375695
HONDAPOWER,10011.0,4202.0,-58.02617121166717
DAAWAT,1397301.0,584296.0,-58.18395606959417
VIKASPROP,641729.0,266486.0,-58.47374826445431
CLEDUCATE,38536.0,15862.0,-58.83848868590409
EXXARO,48273.0,19862.0,-58.85484639446481
INDIGOPNTS,15118.0,6220.0,-58.85699166556423
TATAMTRDVR,2953842.0,1213106.0,-58.93124953873633
PRESSMN,29364.0,12041.0,-58.99400626617627
SANDESH,522.0,214.0,-59.00383141762452
JAYBARMARU,112605.0,46057.0,-59.09861906664891
VINDHYATEL,6289.0,2565.0,-59.21450151057401
MFSL,536695.0,216442.0,-59.67132170040712
WILLAMAGOR,905.0,364.0,-59.77900552486189
BIOFILCHEM,183747.0,73463.0,-60.019483311292156
JAYNECOIND,110775.0,44176.0,-60.12096592191379
NEWGEN,233110.0,92945.0,-60.12826562567029
DPABHUSHAN,4119.0,1637.0,-60.257344015537754
SHAHALLOYS,72988.0,28865.0,-60.45240313476188
SAPPHIRE,261947.0,103221.0,-60.59470045467212
MAHLOG,82831.0,32537.0,-60.71881300479289
VIPCLOTHNG,280603.0,110213.0,-60.72280054026508
BCONCEPTS,5560.0,2182.0,-60.75539568345324
ARCHIES,35975.0,14103.0,-60.79777623349548
VARDMNPOLY,94932.0,37206.0,-60.80773606370876
TATVA,22284.0,8721.0,-60.86429725363489
SIRCA,22215.0,8652.0,-61.053342336259284
METROBRAND,42865.0,16640.0,-61.18045025078735
LIBAS,390333.0,151434.0,-61.20389513569183
THANGAMAYL,4292.0,1654.0,-61.463187325256285
OBCL,73978.0,28385.0,-61.6304847387061
PIIND,214775.0,82007.0,-61.81725061110465
KEC,1230547.0,468863.0,-61.89800145788824
SUNDARAM,347511.0,132110.0,-61.98393719911024
PANACHE,5428.0,2063.0,-61.9933677229182
RAJTV,2616.0,993.0,-62.04128440366973
NBIFIN,53.0,20.0,-62.264150943396224
SUNTV,2136422.0,802150.0,-62.453578927758656
KPRMILL,639911.0,240197.0,-62.463998899847006
MERCATOR,420784.0,156972.0,-62.6953496330659
TERASOFT,14506.0,5371.0,-62.9739418171791
EIMCOELECO,6547.0,2413.0,-63.143424469222545
PRAJIND,1149979.0,419665.0,-63.50672490541132
MTARTECH,125763.0,45776.0,-63.6013771936102
BARBEQUE,58098.0,21141.0,-63.61148404420117
POKARNA,63731.0,23170.0,-63.64406646686855
RAJMET,47769.0,17299.0,-63.786137453159995
GRAUWEIL,499657.0,180438.0,-63.88762691206168
NRAIL,10851.0,3898.0,-64.0770435904525
TEGA,66163.0,23699.0,-64.18088659824977
BPL,257121.0,91654.0,-64.35374784634472
SANSERA,75725.0,26851.0,-64.54143281611093
SGL,9801.0,3454.0,-64.75869809203144
DUCON,155544.0,54462.0,-64.98611325412746
BCG,2832265.0,990900.0,-65.01386699337809
EQUITAS,2001475.0,698907.0,-65.08040320263805
GRINDWELL,56139.0,19577.0,-65.12762963358806
GSS,85654.0,29323.0,-65.76575524785765
NH,269916.0,91553.0,-66.08092888157798
HBSL,6060.0,2046.0,-66.23762376237624
VSTIND,3241.0,1080.0,-66.67695155816105
GULFPETRO,77027.0,25666.0,-66.67921637867241
JISLDVREQS,143850.0,47898.0,-66.70281543274244
SERVOTECH,117779.0,39057.0,-66.83874035269444
ELECON,4167715.0,1364104.0,-67.26973893368428
HMT,9630.0,3149.0,-67.30010384215991
SCAPDVR,107346.0,34726.0,-67.6504015054124
PALREDTEC,9555.0,3078.0,-67.78649921507063
MMP,145474.0,46293.0,-68.17781871674663
SHYAMCENT,1084863.0,345027.0,-68.19626072600872
DELPHIFX,789.0,250.0,-68.31432192648923
KHAICHEM,1871785.0,585989.0,-68.6935732469274
OMAXE,216012.0,67250.0,-68.86747032572265
DANGEE,81415.0,25343.0,-68.87182951544555
GFLLIMITED,27828.0,8550.0,-69.27554980595085
BIL,7275.0,2219.0,-69.49828178694159
AGSTRA,778011.0,236489.0,-69.6033860703769
BRIGADE,230781.0,69323.0,-69.96156529350337
GLENMARK,3054392.0,912162.0,-70.13605326362824
GEECEE,3201.0,941.0,-70.60293658231802
VERANDA,127324.0,37364.0,-70.65439351575507
RELCHEMQ,15988.0,4686.0,-70.69051788841631
RELAXO,143798.0,42117.0,-70.71099737131253
BASF,29705.0,8652.0,-70.87359030466251
IPCALAB,503576.0,146601.0,-70.88800895991866
ARVSMART,30467.0,8859.0,-70.92263760790364
RNAVAL,626540.0,182114.0,-70.93338015130718
NSIL,3579.0,1032.0,-71.16512992455993
GREENPOWER,1826330.0,524187.0,-71.29834148264553
GREENLAM,145861.0,41777.0,-71.35834801626206
SANCO,53632.0,15305.0,-71.46293257756562
STEELCAS,27760.0,7869.0,-71.65345821325649
ABMINTLLTD,282.0,79.0,-71.98581560283688
PANSARI,329.0,92.0,-72.03647416413374
LAMBODHARA,60914.0,16921.0,-72.22149259611912
MADHAV,5593.0,1543.0,-72.41194350080458
SGIL,14402.0,3949.0,-72.58019719483406
PAISALO,87641.0,23760.0,-72.88940107940347
AAREYDRUGS,32376.0,8732.0,-73.0294044971584
VIDHIING,166937.0,44323.0,-73.44926529169686
UJJIVANSFB,2450698.0,650299.0,-73.46474351388869
RATEGAIN,407585.0,107635.0,-73.59201148226751
IRB,10220129.0,2674142.0,-73.83455727417922
SHALBY,125809.0,32800.0,-73.92873323848055
GENESYS,11456.0,2970.0,-74.07472067039106
AMJLAND,6225.0,1599.0,-74.3132530120482
BHAGYAPROP,15208.0,3773.0,-75.19068911099421
EASUNREYRL,13742.0,3372.0,-75.46208703245524
TEAMLEASE,22457.0,5403.0,-75.94068664558935
HAL,1553800.0,371393.0,-76.09776032951474
HINDCON,10355.0,2467.0,-76.17576050217286
COUNCODOS,316246.0,74876.0,-76.32349500072728
CROWN,17108.0,3998.0,-76.63081599251812
SHYAMTEL,761.0,177.0,-76.74113009198423
AHLEAST,2153.0,497.0,-76.91593125870878
SUPREMEIND,125610.0,28551.0,-77.27012180558873
HILTON,91547.0,20763.0,-77.31984663615411
FCONSUMER,4971465.0,1121821.0,-77.43480040591658
TFL,10123.0,2278.0,-77.49678948928184
RSSOFTWARE,92536.0,20509.0,-77.83673381170571
LYKALABS,180489.0,39732.0,-77.98647008958994
RESPONIND,486747.0,106474.0,-78.12539163055962
UNIINFO,4414.0,963.0,-78.18305391934753
NHPC,10728717.0,2331527.0,-78.26835212448981
INDOSOLAR,49613.0,10768.0,-78.29601112611614
TOKYOPLAST,6031.0,1298.0,-78.47786436743492
NILKAMAL,5093.0,1074.0,-78.91223247594738
NAGREEKCAP,1215.0,252.0,-79.25925925925927
CONSOFINVT,6119.0,1247.0,-79.62085308056872
HPAL,49472.0,10022.0,-79.74207632600259
WINDMACHIN,99846.0,20193.0,-79.77585481641728
INTENTECH,202464.0,40532.0,-79.98063853327011
WANBURY,1611.0,315.0,-80.44692737430168
AUSOMENT,1823.0,350.0,-80.80087767416346
ORIENTLTD,12461.0,2317.0,-81.40598667843673
GOCOLORS,416062.0,77245.0,-81.43425739433066
GRINFRA,66985.0,12320.0,-81.60782264686124
STEELXIND,1119983.0,205798.0,-81.62489966365561
PRITIKAUTO,111838.0,20061.0,-82.06244746866003
TRITURBINE,6538911.0,1141747.0,-82.5391873356282
ONELIFECAP,9789.0,1697.0,-82.66421493513127
MEGASTAR,35973.0,6085.0,-83.08453562394018
SMCGLOBAL,770564.0,130249.0,-83.09692640715113
SHRADHA,27076.0,4562.0,-83.15113015216427
CREDITACC,571761.0,95858.0,-83.23460326954793
RADIOCITY,171162.0,28459.0,-83.37306177773104
HISARMETAL,151322.0,24741.0,-83.65009714383896
CEATLTD,230715.0,37155.0,-83.89571549314088
FMNL,391476.0,62083.0,-84.14130112701672
INSECTICID,287980.0,45009.0,-84.37078963816931
DHANVARSHA,688889.0,106199.0,-84.58401861548087
REVATHI,710.0,108.0,-84.78873239436619
SHANTI,9155.0,1383.0,-84.89350081922447
REPL,65091.0,9754.0,-85.01482539828855
LSIL,3411201.0,504681.0,-85.20518140092008
OSWALAGRO,200833.0,29497.0,-85.312672718129
GROBTEA,929.0,136.0,-85.36060279870829
NKIND,499.0,70.0,-85.97194388777555
KUANTUM,55591.0,7559.0,-86.40247522080912
COMPINFO,1813450.0,244580.0,-86.51300008271527
JAIPURKURT,11001.0,1451.0,-86.81028997363876
GPTINFRA,405106.0,53173.0,-86.8742995660395
ALLSEC,106855.0,12609.0,-88.19989705675916
GLFL,616.0,67.0,-89.12337662337663
SUPREMEENG,7499763.0,794620.0,-89.40473185619332
GKWLIMITED,454.0,42.0,-90.7488986784141
GANGESSECU,29760.0,2739.0,-90.79637096774194
SUMEETINDS,457928.0,41667.0,-90.90097133173775
BARTRONICS,20763.0,1886.0,-90.91653421952512
GAYAHWS,195271.0,16991.0,-91.29875916034639
ONEPOINT,1032319.0,83408.0,-91.92032695319955
ORIENTELEC,648223.0,49637.0,-92.3426043198097
ANSALAPI,147919.0,8408.0,-94.31580797598686
ARENTERP,6234.0,350.0,-94.38562720564644
GALAXYSURF,118336.0,6296.0,-94.67955651703623
AKSHAR,244465.0,11699.0,-95.21444787597406
MOTOGENFIN,4068.0,171.0,-95.79646017699115
SATHAISPAT,15865.0,633.0,-96.01008509297195
IIFLWAM,425613.0,16467.0,-96.13099223942878
SHAILY,15679.0,505.0,-96.77913132215065
CANDC,9005.0,165.0,-98.16768461965574
WIPL,179.0,2.0,-98.88268156424581
KEEPLEARN,11600.0,0.0,-100.0
REGENCERAM,1.0,0.0,-100.0
NORBTEAEXP,100.0,0.0,-100.0
CREATIVEYE,300.0,0.0,-100.0
ALPSINDUS,0.0,0.0,
EUROTEXIND,0.0,0.0,
JAINSTUDIO,0.0,0.0,
SAKAR,0.0,0.0,
WEWIN,0.0,0.0,
